Y,X0,X1,Z0,Z1
7.892799946815411,1.0,0.5721396738591126,1.0,-0.237909361157865
-23.161758730889368,1.0,-0.2929696295272202,1.0,-1.229056026374011
-1.2402166282174307,1.0,0.9793785765559828,1.0,0.35375160163943825
7.8434241518665555,1.0,0.35963981110671295,1.0,-0.8385354350011354
-9.653025876469098,1.0,1.2756461037031759,1.0,1.1333557728639585
16.644635620431515,1.0,2.1871481780190094,1.0,0.22300588638707106
-12.057317121008317,1.0,1.5836773679597815,1.0,1.2934352358440973
13.674777134048906,1.0,2.085278977822014,1.0,-0.8653429531890151
0.5375273098083366,1.0,-1.7097301885160885,1.0,-0.7747574667057271
13.136752942902403,1.0,1.3800285585802534,1.0,-0.12130299802015772
-0.9314697088110275,1.0,1.2601892951335536,1.0,0.4234749061854588
-16.31540828426104,1.0,-0.828793433739647,1.0,0.32735173783398785
-16.794086584596403,1.0,-0.021579587604021677,1.0,0.2983813204080052
-4.156177665349537,1.0,1.5442884151846892,1.0,0.6614826562425746
-21.57181532648969,1.0,1.3052783051566634,1.0,1.2272059573016423
13.740199851434623,1.0,2.150195397582258,1.0,0.3349618859764778
-6.513432197190506,1.0,1.4832635215600936,1.0,0.7684010537755985
3.4987839916743053,1.0,1.3485007287283768,1.0,0.9647785881007978
-8.241228356478262,1.0,2.01466961707008,1.0,1.8312250004869328
-30.97088556568303,1.0,-0.8484276172020232,1.0,-0.6247149836647491
21.715026963363826,1.0,1.9373167323602047,1.0,-0.21902406103265235
0.9154944557562168,1.0,0.28314216245813684,1.0,-1.2850055940828033
36.15572937264203,1.0,2.2708868377641354,1.0,-0.6926231351297364
-3.5729668781823998,1.0,0.8585822616738099,1.0,-0.08083002903149439
5.838000860357537,1.0,1.3672414837363038,1.0,0.856002937871246
-27.89684626438745,1.0,-1.7969628337180004,1.0,-2.0564851759554337
-4.097331332015388,1.0,-0.4719705488333601,1.0,-1.0589567879683714
15.048716184024528,1.0,1.2970423788173417,1.0,-0.7796669332814298
-12.593543644588955,1.0,1.6205939729378136,1.0,1.7115270280954054
-20.070454735711206,1.0,-1.208899107996841,1.0,-0.15345352208091612
-9.02586153002547,1.0,1.312555751867734,1.0,0.3551357917946657
44.152269992073784,1.0,1.4658302054133874,1.0,-1.3772344418274542
22.934461462906118,1.0,1.3933564023164973,1.0,0.13001730551986698
24.329699029269193,1.0,4.019267993294281,1.0,1.9281804250717258
15.166600230647838,1.0,3.3645971102769434,1.0,1.081945933009989
13.095731634672632,1.0,1.735878044533791,1.0,1.3619352079885318
-14.757558771279772,1.0,-0.6752652624576766,1.0,-0.5127664458980606
-21.870858950824854,1.0,0.709234156105943,1.0,1.33201226467413
20.83548657836569,1.0,1.524371313348733,1.0,-0.6221516189017133
26.33967376247621,1.0,-0.0006832292896425951,1.0,-2.2914106350218586
16.116865978879943,1.0,1.727523258039299,1.0,0.2645502264193239
-16.371540704526055,1.0,-0.9842051536603478,1.0,-0.9446981096525493
-15.081022816347172,1.0,-0.2726646679391876,1.0,-1.3899581340257288
35.975972791269164,1.0,2.8226110559297473,1.0,0.14413754855485741
-1.2689638675837855,1.0,-1.6416870246893602,1.0,-1.1215439704632744
-17.934618604146408,1.0,0.77078972508163,1.0,1.01849536417534
17.301389333097127,1.0,2.2706235251859006,1.0,1.9149264448324175
-3.6116353694691803,1.0,0.5175705230112367,1.0,-0.16442538175585658
-3.8261568815653355,1.0,1.1317588875187168,1.0,0.568675031387117
9.934503971667594,1.0,2.6027381663008318,1.0,0.5279766980302852
3.597029168470117,1.0,0.8742196604090228,1.0,-0.2592334858991961
35.717700581579706,1.0,2.4540231911979697,1.0,-0.365025811874827
-0.16857029952063574,1.0,0.6471772595246469,1.0,-0.4818965784390865
-9.709189975681713,1.0,1.885786201957744,1.0,0.9760080384063511
14.636481057627584,1.0,4.224894339028233,1.0,1.6202119627615803
22.10213723560057,1.0,1.8768303611895694,1.0,0.23985746574744565
24.814602102489978,1.0,1.8172652739713318,1.0,0.31070720474422503
-9.037984401374164,1.0,2.0095415740983626,1.0,2.554608070188643
-3.5695295652504093,1.0,0.13910469377471735,1.0,0.8056250547512799
-27.222536589169625,1.0,-0.9194882404669124,1.0,-1.2699637513334034
-9.54180765832465,1.0,0.03388757101897666,1.0,-1.512426055210493
12.045702893970223,1.0,2.904135206973042,1.0,1.4285832129615588
-11.315719473159543,1.0,-0.38189206226833006,1.0,-0.7394557208294781
21.401565739483704,1.0,1.072737123577714,1.0,-0.8859162629984263
18.54127777874865,1.0,3.8683903205452133,1.0,0.5929063966581231
-15.972967427331206,1.0,-0.4665744618517722,1.0,-0.7451930339759177
16.043391247026644,1.0,2.45219065876609,1.0,0.34765971768306897
-22.253987156043273,1.0,-1.482429859716168,1.0,-0.8128343748819506
-1.1862296941950412,1.0,-0.2050541251719874,1.0,-0.5173338393958792
-11.28927363238946,1.0,0.9177474795078175,1.0,-0.13428997240278204
19.729141396686103,1.0,1.7053286580869418,1.0,0.3368802136309841
-12.463188807852326,1.0,0.07454698314450425,1.0,-0.039240865736286726
0.30776627674116686,1.0,2.171204421741736,1.0,1.1021953013517622
12.467985127459832,1.0,1.5455887485750246,1.0,-1.056148002706111
-31.67201789035517,1.0,-2.7989181050019645,1.0,-1.6093731695838178
-6.770834499828501,1.0,0.541627641846065,1.0,1.508813140882603
20.822065692797473,1.0,0.8558752957561041,1.0,-1.0285174703860829
15.05253617540378,1.0,0.32314375442441806,1.0,-0.18413414395794897
2.545466105870926,1.0,0.7066579356573751,1.0,0.4096690951686581
34.256220112782955,1.0,3.3381221412774034,1.0,0.8491432244697432
31.260929247239723,1.0,4.706775257275398,1.0,2.4144322865175245
-3.2889550938506322,1.0,-0.9400584346939249,1.0,-1.5649621282463195
-1.761139907276926,1.0,0.019727321127430475,1.0,0.5689272697450751
1.1503165499131662,1.0,1.9640196786169672,1.0,0.8232778715208617
20.373204598499136,1.0,3.9283208905682168,1.0,1.829729866535374
4.658214979046976,1.0,1.6547358550900053,1.0,1.5568621263318636
4.628917191311204,1.0,1.0485256898797213,1.0,0.33077610949615344
3.1344351029787356,1.0,2.7476387573855168,1.0,1.4399115469130888
2.9429408849001124,1.0,0.9979867426194795,1.0,-0.635851389889962
23.14431977218442,1.0,2.108000418140428,1.0,0.01097624918004834
33.658015767646525,1.0,1.1125049403692735,1.0,-0.6613634770707418
11.786457046149161,1.0,1.7034921186993202,1.0,-0.7237399049792628
19.025455590645677,1.0,3.9772960603391874,1.0,2.0411711854985
-9.238549844739943,1.0,-0.9899684276654422,1.0,-1.359060374186057
28.61057531228688,1.0,3.1386935110480727,1.0,0.07250155483206608
-4.650600775045228,1.0,1.20368599360414,1.0,-0.9771595757579997
24.719900184231918,1.0,2.6486482161133567,1.0,0.5201530612504761
8.881512155684566,1.0,1.442209152666273,1.0,0.9579981136749312
-11.836463774567402,1.0,-0.534546922416371,1.0,-0.41292587551810617
13.786040853847778,1.0,2.1772871562075613,1.0,2.301099721283547
17.051631877677714,1.0,2.7678487234899816,1.0,0.2932145762659823
-1.7664892304541326,1.0,0.5299240319757872,1.0,0.5775010752088405
-0.6133255636865451,1.0,0.06375451061534426,1.0,-0.7295354863862611
-6.209065578821139,1.0,0.251666192575158,1.0,0.32321693637762045
10.670576858302958,1.0,1.003938977728032,1.0,-0.39392000079144773
-0.06415697921513153,1.0,0.13350040493564763,1.0,-0.6670177221655055
18.27610797733663,1.0,2.7807287865650543,1.0,1.3163202843415702
-14.583776537027848,1.0,-0.4040230186652941,1.0,-0.7752943160075815
16.40316049877411,1.0,0.9773252714689951,1.0,-0.9661910833335999
-0.7319361554948562,1.0,0.8602087190104168,1.0,0.33524187735816874
1.3661418519807111,1.0,0.6462760184819395,1.0,0.23278870028219914
11.47445596107973,1.0,3.0849171077498587,1.0,1.3033212537047312
25.506354101753608,1.0,1.7851606872222785,1.0,-0.6791181646382687
19.03847815184215,1.0,1.7395105025790825,1.0,0.0411723641956533
-6.425300640468809,1.0,1.2205171424046828,1.0,0.7442173795673561
-25.509223750967834,1.0,-1.1223874136656873,1.0,-0.9370669523437212
-10.958988145938196,1.0,1.2713557274943839,1.0,0.23187307828795828
-6.388868148585928,1.0,-0.2150114171657631,1.0,-0.03709953119867746
-24.0180555806434,1.0,-1.243191562734582,1.0,-1.1370429256665255
-5.204873558554455,1.0,1.9247216859604739,1.0,0.9615438174507218
47.366186106503534,1.0,4.995384214757623,1.0,0.3651694437363787
-13.569064468631398,1.0,-0.0305248670909532,1.0,-1.0332522766552206
3.0800422888358456,1.0,-0.024994165493320564,1.0,-1.9614460275175525
-13.98327938788155,1.0,-0.6536280960546037,1.0,0.05622305795773117
-22.413710242046825,1.0,-1.4739071207331447,1.0,-1.1462605593332105
8.634835114316989,1.0,2.4770119109935447,1.0,0.037482177399880974
-2.3184439061382207,1.0,0.9349321207068249,1.0,-0.30289600104263154
-14.264623580328239,1.0,-0.5985048118114091,1.0,-1.4532836878514448
3.8879049102305214,1.0,2.498796019143432,1.0,1.0750288313576668
30.80254916839791,1.0,2.9873526090019076,1.0,0.6612060244293151
8.644362840078113,1.0,0.8511041345645791,1.0,0.4605081872886509
-11.414389815879566,1.0,0.20577174961683475,1.0,-0.5074106219811452
-26.841099225519734,1.0,-1.994033163360408,1.0,-0.5586482791071401
-21.354347726330804,1.0,-1.0331049417728437,1.0,-1.0674060168263857
-0.5610633187751821,1.0,-0.1882478784535604,1.0,-0.5187651389063257
-10.877015238035547,1.0,0.7330753470481511,1.0,-0.1211273611942949
12.45088129493856,1.0,0.12078740237372099,1.0,-1.3212315820367664
3.1360364464156456,1.0,1.527315628411806,1.0,0.7948344637745266
-0.514628242919738,1.0,0.33069029857243104,1.0,0.048375141669153604
-8.063134047744851,1.0,0.544735549324999,1.0,0.3544633934254654
19.866165191234646,1.0,1.3793752141966433,1.0,-1.2802044553061431
-6.362351147390445,1.0,0.6227644809250846,1.0,0.21974665520096606
1.6501706111820997,1.0,0.06573238710265156,1.0,-0.5214063741897648
-14.89007478133671,1.0,-0.021285173866587348,1.0,-0.41302119165997614
-5.491167979879117,1.0,1.4068490698830163,1.0,0.7054743740545383
-8.088932264722347,1.0,-0.7651446990412133,1.0,-0.5992536335797997
13.769980434223386,1.0,0.9905738552579983,1.0,-0.082178278154463
14.75211676006173,1.0,1.3388699010001668,1.0,0.04137931694196495
7.034677226870173,1.0,0.8187517263609223,1.0,0.025423288521043235
-1.330401022414597,1.0,-0.2321553475105564,1.0,-1.6455467675843256
-9.995455959325827,1.0,1.375957101032494,1.0,0.6339684600806175
2.8228718829328443,1.0,1.2365774040393647,1.0,0.04415473674769454
-19.488716088199983,1.0,0.4821742336393344,1.0,0.6369242719729683
-30.502044723198697,1.0,-1.3673545211648488,1.0,-1.4440189149950642
9.33794410415205,1.0,1.4660515074980363,1.0,-0.4067944486567852
-18.603340598081907,1.0,0.2978941071323016,1.0,0.8481113375899864
1.3876955170097642,1.0,-0.21917373098764412,1.0,-1.3653395001112305
-16.817800788150397,1.0,0.7028514042361311,1.0,1.4394583301330746
13.745270596033913,1.0,1.0152969904943137,1.0,-0.804043931213541
-7.056119101590861,1.0,1.1230801486469952,1.0,0.06889526363731646
-11.668785845494797,1.0,-0.05939926515189031,1.0,-0.12696270783336805
-1.3171671132884022,1.0,1.650753277687754,1.0,0.319635093016369
-0.5760804025186768,1.0,0.40606804070387637,1.0,-0.1942329308116792
2.6348156244398555,1.0,0.9588343036052456,1.0,-0.39293520131888143
11.388926061469501,1.0,1.083819869357535,1.0,0.4222400064789458
-6.341459202934805,1.0,0.6283993601875738,1.0,-1.2858424542141236
4.2646536697906265,1.0,0.12027654863438592,1.0,-1.1500162654725465
16.933509368571897,1.0,2.7378005191234642,1.0,0.8448187980041059
20.43627669797786,1.0,0.9222870389049258,1.0,-1.220103179246338
-0.3996157251587037,1.0,-0.05769422671829544,1.0,-0.5666811751073901
-6.7240479795698676,1.0,0.9338246647821367,1.0,-0.31596056952881807
17.511074488836268,1.0,4.552190131205322,1.0,1.7823438314242812
3.3969855006250835,1.0,0.6698120798341902,1.0,-0.1026925189310476
9.998313414755957,1.0,2.5072445068947857,1.0,0.33162581213395753
17.484305174494946,1.0,0.23801019448160987,1.0,-0.9696428173977734
17.429308849424903,1.0,1.253207083185849,1.0,-0.7779441719903222
-5.49147416029767,1.0,-1.5638142237613706,1.0,-1.8149361445138
-1.2684474903390082,1.0,0.9211289834560457,1.0,0.19339220014897934
13.950958530358506,1.0,3.233774541300461,1.0,1.2856046162435901
18.596636856905263,1.0,2.2695558001328324,1.0,0.20109335262391603
-11.609496188444842,1.0,-0.3070862603923253,1.0,-1.1241364596246448
-21.116510812095363,1.0,-2.2783686187315997,1.0,-2.319226043388331
-26.855039559080417,1.0,1.300493858480947,1.0,1.3510692297238216
-32.41132311212092,1.0,0.2995948541052722,1.0,0.6902231462272953
19.999127477326667,1.0,2.892044507696764,1.0,1.324329949652852
33.91924545798207,1.0,2.1541605962179493,1.0,-0.7852063138899457
11.501054541604475,1.0,2.1167612582493547,1.0,-0.6857017668739946
-14.953140126352775,1.0,0.4901991240253093,1.0,0.33973990614131605
21.726954827214943,1.0,2.5527812241666057,1.0,0.11032388520132556
18.85354106130841,1.0,2.450076141502994,1.0,1.1481359676685756
-12.794655155858921,1.0,1.375223942619118,1.0,1.4468818251671873
-8.899349001426208,1.0,-0.49132669695380593,1.0,-0.8089688910288332
3.2353767905465336,1.0,0.5385036818925427,1.0,-0.671219651658761
-3.071493564031888,1.0,3.063027206714448,1.0,1.3418637898074637
0.3658753199883238,1.0,1.786523032576584,1.0,1.3193390478673124
10.275776475090709,1.0,2.0509013545461126,1.0,0.3248073043180283
-33.0119913085279,1.0,-2.6811396102672664,1.0,-0.5812996784004345
-11.18078252406114,1.0,-0.23757528816873208,1.0,0.07794103751956419
0.3278223781908338,1.0,-0.93037278533035,1.0,-0.6483231868996372
-11.280847827724504,1.0,2.168011487916626,1.0,2.5070904163566032
9.37822911940157,1.0,1.4034978676295906,1.0,0.048831603448792116
6.000178360356735,1.0,0.9167575681425282,1.0,0.21352842155366375
25.632846504401396,1.0,0.7927929575427493,1.0,-1.2331291831015083
-6.608473105612506,1.0,-1.1900797341251823,1.0,-0.7596895470134579
8.226976276442555,1.0,1.6323633486672413,1.0,0.3147248973910049
-3.0272211554025183,1.0,-0.8715618041242069,1.0,-1.6530218334135098
-15.99620050812176,1.0,1.04716286453564,1.0,0.1455393887455387
22.33965174709966,1.0,2.586245684080816,1.0,0.2598137698359073
-12.73485492030069,1.0,2.214075953924893,1.0,1.5598243667211162
30.16096507150219,1.0,3.904262414542147,1.0,1.515474620684965
7.745484749435555,1.0,1.7497680664883701,1.0,-0.04639937562384148
11.373819598918278,1.0,0.5735289944248414,1.0,-0.04971296027921969
-3.2701783190132128,1.0,0.6866949952425042,1.0,-0.722439705052594
-4.816072783716597,1.0,1.673016723369185,1.0,0.7534483015074712
8.706195773553956,1.0,0.2958413001187011,1.0,-0.9543116761518982
40.38987866113016,1.0,3.3499415378549506,1.0,0.08293552406611494
32.980409639902945,1.0,2.700925976983381,1.0,0.5094569278403152
-8.995391514120017,1.0,1.1688618892389213,1.0,0.6073624406276424
-34.99244426760865,1.0,0.8268386153093255,1.0,1.0143473025760212
-6.133012766057265,1.0,0.1827564122795644,1.0,-0.2850854016133164
32.02504584272637,1.0,2.202302756969348,1.0,-0.45884375901896113
-13.233442148816994,1.0,1.7568882011136202,1.0,0.9882174557008645
18.600404811683035,1.0,0.7506026352659831,1.0,0.0714616336056172
-1.0431212793338283,1.0,0.6418354632235095,1.0,-0.9328463914357145
8.17181657406822,1.0,1.4848959159058082,1.0,-0.1805601673387788
-11.963976551598682,1.0,-1.3405914307832134,1.0,-2.040134390155705
12.639418400136524,1.0,0.3512816302374834,1.0,-0.7475564358724714
2.3881022054841767,1.0,1.3053129088208384,1.0,0.6747709086154708
-21.2598837706396,1.0,-0.957578203705324,1.0,-0.46509098086347717
-9.381818233576904,1.0,0.9235830728149056,1.0,0.9219567081529959
15.856228815225947,1.0,1.3300817029176888,1.0,0.015641470667442578
6.127573002490131,1.0,1.4095306662539349,1.0,0.13878512665233692
11.336002375057124,1.0,1.0745183944107715,1.0,0.06028986871461049
-2.7510709444922075,1.0,1.3680999830713825,1.0,-0.8610951240913388
1.1822433131310914,1.0,0.42168221068087564,1.0,-0.3415952008718273
17.81879830662521,1.0,1.674771062687939,1.0,0.21810623368383442
11.406377827763365,1.0,1.0300704340368467,1.0,0.11417414179511828
0.08324329219737647,1.0,0.6463313164855167,1.0,-0.021741917023854817
-18.080927975797316,1.0,-1.1489630996616058,1.0,-1.2211040025991087
6.30161542775299,1.0,0.5155038820736433,1.0,-0.25977869479045673
20.040102173467673,1.0,2.058174394679676,1.0,-0.08689882717766874
13.271057188578201,1.0,-0.06436444971102995,1.0,-0.45440509705469545
0.5912444267665524,1.0,0.9132208531906192,1.0,-0.4752928700355974
10.392182892502714,1.0,1.3554344350484224,1.0,-0.25821535074455426
-11.753503451919237,1.0,0.2845488726634946,1.0,1.0333965583060287
5.126512865420853,1.0,1.7510272439006371,1.0,0.9212157554383716
-3.0346720654905663,1.0,-0.2232571841211911,1.0,-0.4244209444942783
11.244784361308124,1.0,2.348902742140311,1.0,0.825681079766413
-16.41957668895757,1.0,0.4220477113535961,1.0,0.5151860810015741
4.111844440174135,1.0,-1.6733213828133824,1.0,-1.8889096257724387
-3.6388321341108356,1.0,0.7356393291380965,1.0,0.39654810792432177
3.7622148702480525,1.0,0.5743233244438353,1.0,-0.166508289316336
23.851217439344477,1.0,2.1761968587116622,1.0,0.24770647443487168
-25.382781640669243,1.0,-1.1466532642883547,1.0,-1.0186177050204939
-4.102073841931305,1.0,0.027776461951210307,1.0,-0.09820525432001796
13.163944742016222,1.0,2.7617882181481077,1.0,1.0208486877136296
-9.061199116362797,1.0,1.7460189538004711,1.0,1.8748821498373014
31.196443446835765,1.0,2.8836777963342732,1.0,-0.6712793884078901
7.206889742690373,1.0,0.4989920826658597,1.0,-0.9915455011117281
14.771459557632898,1.0,3.1728043495612477,1.0,1.5108629980942574
6.699504363966062,1.0,-1.4312272725983073,1.0,-2.6473189769989003
-2.072201255132766,1.0,0.3990031195382805,1.0,-0.46305090248797254
-3.92828013163514,1.0,2.010405417503072,1.0,0.08564842403632993
13.800693133847332,1.0,1.1929816504365018,1.0,0.9514291968293178
-24.96664015204437,1.0,-0.32752055338946695,1.0,-0.528765188602287
-9.48062121098435,1.0,0.6633840384470003,1.0,-0.10518977063330008
-18.839663476271273,1.0,0.35726540868744355,1.0,-0.20721715653667463
0.9957307887650102,1.0,1.22931306323248,1.0,-0.02672208424834172
15.40020343592986,1.0,1.0285070307063364,1.0,-0.03086124157540397
-3.096030617276954,1.0,2.3517395921714863,1.0,1.5666820907973438
9.327662453323448,1.0,1.7250028307914047,1.0,0.14938638210162836
-17.448263307358683,1.0,0.20083310931876786,1.0,0.3739216561688002
1.5489132899755749,1.0,-2.3823322227903745,1.0,-2.2456328320876784
-15.068933937219402,1.0,0.9476977484760716,1.0,0.07017635604115738
3.9838407009957546,1.0,1.1027092617099579,1.0,0.7550599790299518
7.095998057965598,1.0,2.2397306027219726,1.0,0.46040580712592116
15.315464544675411,1.0,-0.12123502928044272,1.0,-1.5066952845632424
6.791445075667042,1.0,1.0511255430454498,1.0,0.2571679818029067
5.197145921712075,1.0,1.69940513844687,1.0,0.437770862177137
13.805237366114827,1.0,3.3773494007008407,1.0,0.6878345953909495
13.328736950817182,1.0,1.7350157157347919,1.0,0.2538229520859482
-19.614631251636414,1.0,0.586566663600865,1.0,0.2586810858974534
-5.586771998585682,1.0,-0.7483482656497562,1.0,-1.3402591605800411
11.69006848269344,1.0,1.1851318232083001,1.0,0.7164976350614477
14.794409577317001,1.0,2.360827343387143,1.0,0.7263630174325358
18.913292632913745,1.0,1.861632877153944,1.0,-0.25536978388512477
9.717328784985895,1.0,0.3683918323247115,1.0,-0.19435712552298723
-15.312276870403004,1.0,-1.0329426054290902,1.0,-0.33574682514089205
-8.527450723882492,1.0,0.41645269510445054,1.0,-0.08420584398436626
7.65410653502569,1.0,-0.6649873065131029,1.0,-1.3489414019313635
6.6717755780344845,1.0,1.4819441585514408,1.0,-0.1268845916953429
9.348730523374314,1.0,1.6310384190046716,1.0,-0.370175338329371
-5.322726509624087,1.0,0.6909864203910098,1.0,-0.13800724958371047
-30.74571205771116,1.0,0.10030004607761267,1.0,1.0545963008977413
8.927622430040865,1.0,2.782312419907832,1.0,0.6621900224928441
8.394590718743666,1.0,-0.3927842989384225,1.0,-1.0765772400045293
23.251613768850163,1.0,2.3355503287727384,1.0,0.800779455826718
17.658734881697058,1.0,1.3542755146363847,1.0,0.4333828620727117
2.902777884719211,1.0,0.826562099408915,1.0,-0.3029112640816276
6.7421244452576286,1.0,0.3428106402158609,1.0,-1.0216591579032177
-9.01662037999973,1.0,2.19913778804795,1.0,1.546582428102108
3.502743686216459,1.0,1.5985802474896575,1.0,0.1696063343640804
-8.809531602831397,1.0,1.1240095699966288,1.0,0.10924733099537354
10.893719091521252,1.0,1.2400687163925577,1.0,-0.16490350528485423
-2.6397608219134123,1.0,-0.10980260763406768,1.0,-0.419538865511813
22.538653845789398,1.0,2.0605790399859965,1.0,0.050862691356482255
-1.3129041976302913,1.0,1.334572890290369,1.0,1.3366111525143598
-9.233143316967844,1.0,-1.5876076797775014,1.0,-1.97249423727558
4.359172085462241,1.0,1.482028412802714,1.0,0.7764599024143668
11.401599774629943,1.0,1.0561707006044168,1.0,0.24821005549879946
11.756925884394644,1.0,1.4573714626382013,1.0,-0.056398448090454925
13.746986382039335,1.0,2.479588711999427,1.0,1.0738134632862952
-11.50456359248221,1.0,0.9162865079861077,1.0,0.6972589890835957
-4.367160625670534,1.0,0.5098795746113594,1.0,-0.13569990582566455
26.281913680783,1.0,2.5910085741239066,1.0,-0.4108274555349153
13.872770533853625,1.0,1.433444476059432,1.0,-0.47597579831679343
-3.379270824020569,1.0,0.318126836564216,1.0,-0.47655960032040445
9.77373824252198,1.0,2.1083013080751076,1.0,0.5290699698074359
-10.05342056105335,1.0,0.28878923359256387,1.0,-0.6572588354979133
3.238426034060122,1.0,0.32648582181275465,1.0,-1.0100736431395925
-37.862292573773885,1.0,-0.564063931600221,1.0,0.1800459261739979
2.5661622679853004,1.0,2.1642130977819765,1.0,0.29239041913482233
14.604714697098302,1.0,0.6878940118723503,1.0,-1.1530417547142677
-13.39811234887273,1.0,1.5289719630908607,1.0,1.1696940683094448
-6.800178494774858,1.0,-0.36279801010369894,1.0,-1.5814890476155352
11.355742707730599,1.0,0.678283968867317,1.0,-0.429834546496012
-3.3129836401797035,1.0,-1.470191917784181,1.0,-0.750935133214608
26.594322443555658,1.0,2.6552976828040507,1.0,0.27657712416733243
16.708333732441197,1.0,2.5803547095008543,1.0,-0.6504149892014631
0.7026111549383312,1.0,-1.6800887079391376,1.0,-1.7273807056224806
4.890794756147031,1.0,3.0923254527386224,1.0,1.709315142499934
-14.365666096504402,1.0,-0.904200028265024,1.0,-1.1465705339314125
28.483940167083553,1.0,4.584802193172978,1.0,2.252855090573021
15.994678077809649,1.0,0.028630522337009245,1.0,-1.4122698677154004
20.53492219759722,1.0,1.2910612227194018,1.0,0.029393386224366956
-1.8662941620405071,1.0,-0.5472675198264183,1.0,-0.6690779835963232
8.567835230313204,1.0,0.42999575339391344,1.0,-0.2839465335159868
-26.675944304934262,1.0,-0.447248130739648,1.0,-0.6233110989038385
17.654415795593103,1.0,0.506005237385158,1.0,-1.3966324449676515
34.36784473666257,1.0,2.787132035829536,1.0,-0.10634653915692714
11.012931492199046,1.0,0.38763844522126356,1.0,-0.45368519487784853
34.89169140852012,1.0,2.142314890453498,1.0,-0.2060205161970736
6.483878251104049,1.0,0.1171249509434209,1.0,0.5181919112983667
22.3828964502961,1.0,2.458052318163487,1.0,0.42404576563834373
20.55232220511228,1.0,3.7126662518899254,1.0,1.5288880254691055
5.247517607117725,1.0,2.96264383798313,1.0,1.2230286990060792
15.768535171629098,1.0,1.233249153635776,1.0,-0.19391176186440937
-15.074128507240816,1.0,-0.03965102584367819,1.0,-0.4207417451308077
-9.927313084169823,1.0,0.3815403272774699,1.0,0.04021124135925523
0.5778500837717213,1.0,0.5688189280114401,1.0,0.07741207406317263
1.6936030985987065,1.0,2.6651224910131126,1.0,2.1878230774408856
-4.984046252065102,1.0,-0.9036771284030668,1.0,-0.42766635931973485
-20.163543235997448,1.0,-1.3864003269665495,1.0,-0.5258161331874461
17.307307251734592,1.0,3.5110015937537176,1.0,1.2666271487359058
-12.765213527154742,1.0,0.21716565477963679,1.0,-0.42358895279646097
-34.62390093128721,1.0,-3.1177646898909686,1.0,-0.6890034910734515
-5.69900022266917,1.0,1.0699041574199075,1.0,0.29251420478602497
-1.3029385683653665,1.0,0.8753767716356537,1.0,0.21406779546459662
-7.545903661176894,1.0,-0.09308216404885172,1.0,0.765658344035346
-8.165374466504307,1.0,0.6875814273004639,1.0,0.09640500968604766
6.863722650319621,1.0,0.5322986089278514,1.0,-0.11518655779980988
11.705533737500712,1.0,1.9774437809685554,1.0,0.9467700531920178
10.076203320444957,1.0,0.7562020131387304,1.0,-0.7727593949788829
8.307332492616377,1.0,1.1101274599605688,1.0,-0.230223919145357
44.03469493012409,1.0,3.092550260475603,1.0,-0.6272459184317131
5.61362133133418,1.0,-0.9797915891430993,1.0,-1.128997310250337
16.556893119279092,1.0,0.9039198389038285,1.0,-0.40732831055859253
23.535480384410185,1.0,1.9048266177875297,1.0,-0.3311664499857876
31.129114024458364,1.0,3.111408219918069,1.0,0.9180439925293471
18.605776936562883,1.0,2.2207017826608126,1.0,-0.24294500857655257
-3.075706520209906,1.0,0.941301790380926,1.0,0.4185912381264623
-17.52766767445323,1.0,1.8261341574941876,1.0,1.6267962986260072
8.666156858381715,1.0,1.5217465914409334,1.0,0.7203413616056402
28.51959874408238,1.0,0.9296249821938098,1.0,-1.0037692392019042
-6.142510758423053,1.0,2.0637303039228976,1.0,1.372173047958563
20.867053095604472,1.0,2.5382704030623215,1.0,0.8619083163751845
28.637337956940186,1.0,1.7331636629272196,1.0,0.10021577769817955
-4.14847893394319,1.0,2.38065450530649,1.0,1.108007242426337
-4.606854187479162,1.0,-0.17030312318781815,1.0,-1.0019012910770815
-8.043416565996868,1.0,-0.7107879976104033,1.0,-0.6518182266851141
4.5379613652751365,1.0,1.8190002758122537,1.0,0.08313332562766071
2.8399561410652607,1.0,-0.5198603976694004,1.0,-0.9369218284524558
10.888917663354905,1.0,0.4922254679546746,1.0,-0.3524417786233661
-0.4898858852170518,1.0,1.5737645596165473,1.0,0.16164905092165802
17.904857429943224,1.0,2.7282870948671305,1.0,1.6466118540754762
16.137635029113717,1.0,-0.09150424838630528,1.0,-1.3369666688378963
-43.38058364654382,1.0,-4.816976308359376,1.0,-3.00569218310041
-16.82764026962777,1.0,-0.6748177295308123,1.0,-0.2825666004298034
-0.6053834179960076,1.0,-0.2054042969692137,1.0,-0.6519891089457175
19.945484058355923,1.0,1.5849060841004834,1.0,-0.4350352305634164
-2.305936277542049,1.0,-0.604491388162794,1.0,-1.1603152479310108
12.680052596378301,1.0,2.2981990236352057,1.0,0.6390784865881504
-9.5976660173675,1.0,0.8220038902864644,1.0,0.6762230566043954
3.0772143957563594,1.0,2.678629614321099,1.0,1.1425949531983715
-3.9700089953958146,1.0,1.6549010295927782,1.0,0.03617878878165174
-37.72572420273865,1.0,-0.6587952255330567,1.0,-0.1834598277911024
11.63137786382465,1.0,1.365451747025811,1.0,-0.49914067925177324
-12.037566590530332,1.0,-0.7423734646909226,1.0,0.15423821032982085
11.692399795885782,1.0,2.045773626302678,1.0,1.4057149335451407
-8.828814636508383,1.0,0.7493453088738042,1.0,0.34215773976555175
26.250005457307484,1.0,2.7101943335191874,1.0,0.4896222765963238
13.601176767054845,1.0,2.5744137477206257,1.0,1.1196240413542993
0.47660400182544294,1.0,2.83722414932749,1.0,1.7079191190111074
-27.50444990543053,1.0,-0.7034610759162968,1.0,-0.7395553837640774
0.8244299922124414,1.0,-1.186451775782708,1.0,-1.4747343007864993
3.2416169568665882,1.0,0.11030038419359067,1.0,-1.2825824421714318
-8.595674172942463,1.0,0.7273642016414105,1.0,-0.36594993091073325
15.792365437685032,1.0,-0.22083354520509824,1.0,-1.8039579555123222
-0.06890193172876513,1.0,0.7061868583659945,1.0,-0.4671583410365955
38.99542004043949,1.0,3.5403099402400446,1.0,1.009418183370827
18.01081430472908,1.0,2.697144475209453,1.0,0.6339531573476007
10.655328942539413,1.0,0.9796546425210764,1.0,-0.14611462048776772
-13.47409736942507,1.0,-1.4732163235537272,1.0,-0.707925477305785
35.98176180866428,1.0,1.3710429807883875,1.0,-0.9053456586292475
0.8046812149346345,1.0,1.6805089652765541,1.0,-0.2869925206526564
-5.1754566959587365,1.0,1.5266070407871541,1.0,0.26452241081311567
18.73253539757334,1.0,0.9637840992756693,1.0,-0.1264675601223236
-0.025855313062135288,1.0,1.6653722630463546,1.0,-0.6852022575780166
-18.16161567482693,1.0,1.3732950065672098,1.0,0.4284519726190515
-7.794093966365717,1.0,-0.7158532868468215,1.0,-1.212613025709261
11.131985482528382,1.0,2.1140126344064525,1.0,1.244151400933173
-17.751164935658558,1.0,-0.6805743160614655,1.0,-0.4016363893501859
-25.241425706631816,1.0,-1.4258181137417245,1.0,-1.8708823810376187
-6.381150852167073,1.0,1.9678661275469722,1.0,0.8221159806590796
-16.40021911410597,1.0,-0.22585577020883768,1.0,-0.8138971750393821
-15.938539925998555,1.0,1.6180319885632706,1.0,0.9859074167250541
7.371506666746418,1.0,0.427733610597228,1.0,-1.0212497492825203
5.967362085680854,1.0,0.43943431087748386,1.0,-0.3869558231248214
-16.001096651539225,1.0,-1.0231855446878004,1.0,-1.404727529976788
-6.988166496669195,1.0,0.7783759818097501,1.0,-0.5131586967962122
24.676737074722936,1.0,0.9216853811912752,1.0,-0.11546735050918291
0.01763811209778887,1.0,-0.7805907824571677,1.0,-1.1982883321194682
20.58304393815141,1.0,1.714802638286795,1.0,-0.8074000483056318
20.86885088406708,1.0,1.2265094383639155,1.0,-0.33222856185459665
17.52049311675783,1.0,1.1129660624700217,1.0,-0.8201306366406088
23.45562196065611,1.0,2.789583242368283,1.0,0.9340119098509131
0.6553305540953009,1.0,1.5437015129330605,1.0,0.6246169913593503
-17.51994472404396,1.0,1.2677767599419576,1.0,0.7947953054882888
-13.509083589253283,1.0,0.8237472096764584,1.0,0.12442057182236393
-3.611726247350481,1.0,-0.8749393416539464,1.0,-1.1043598588727432
-8.33812647308025,1.0,1.6612516720029333,1.0,1.4246442720441106
8.269099134577267,1.0,0.037664421795547395,1.0,-1.0435506129088126
-19.141734913012574,1.0,0.2646413696056287,1.0,0.23343673101094697
-13.279298374101684,1.0,-2.3202048787147644,1.0,-1.696351248034211
8.860331732123736,1.0,0.7373023373248516,1.0,-0.41891904156244486
13.099106812663544,1.0,1.197812526028417,1.0,0.6595421278391382
-0.2542755581988669,1.0,-0.7315118369652613,1.0,-1.6597224040490521
3.5297817681287267,1.0,1.8278739769379897,1.0,0.792881039716105
-10.38399509785455,1.0,0.23874723193090197,1.0,-0.8300793669716177
-4.727413473218026,1.0,0.6478214321373557,1.0,0.03636222583005989
25.315022253149927,1.0,3.354203054761891,1.0,1.4111398010226106
-2.5018375499379903,1.0,-0.07679482118956249,1.0,-0.9515420051679966
0.06783212542398331,1.0,3.605210914967726,1.0,1.7025728162266813
4.101835984941811,1.0,-0.8341064602298554,1.0,-1.150728109271673
19.81050580089851,1.0,2.0782132155913944,1.0,-0.1839283684992372
-2.126122651623309,1.0,0.8353328787712673,1.0,1.7040712271995564
12.720306590893689,1.0,0.027205209273887254,1.0,-2.1639379951406057
31.11458062803254,1.0,1.3372046367094639,1.0,-1.240071471393218
12.357747519184226,1.0,1.6956197646986857,1.0,-1.09431883254493
19.671646174047748,1.0,0.8105706231110548,1.0,-0.40198752578317415
2.8031449466840597,1.0,0.021699553019772472,1.0,-0.8014464182091795
2.403267653901854,1.0,0.6306538293694243,1.0,-0.6098183067875727
-8.591917383397039,1.0,-0.6252892112377955,1.0,-1.8041654883616558
-9.773016645919554,1.0,-0.8410494939325708,1.0,-0.4106427375943063
-3.8472101260477998,1.0,-0.06674987969959267,1.0,-0.31489095408945006
9.688707078653893,1.0,1.5035476415202196,1.0,0.0069846549431043
17.14330632498895,1.0,2.897023822759042,1.0,0.6875847405901963
-2.319450442951422,1.0,-0.35941832767652815,1.0,-2.057845434311333
1.2416177801145984,1.0,-1.5941092917408322,1.0,-0.7659868267871095
-14.00567124279133,1.0,0.8733857899563248,1.0,-0.04697598829690628
7.128202734629051,1.0,1.1477804439458643,1.0,0.5983762717559626
-2.1752057229404174,1.0,0.03002157805625627,1.0,-0.13503932366927993
5.073453332023244,1.0,1.637989660624128,1.0,0.6710230995313071
-3.7954426924714633,1.0,0.22331458187094697,1.0,-0.9788775624703809
13.264854945977405,1.0,0.8203366455807315,1.0,-0.02378040858275596
11.546220190294147,1.0,2.2082211697226146,1.0,0.5932358959071559
9.880094436396591,1.0,1.4603009483425025,1.0,-0.714195354579576
-7.647767292305627,1.0,0.19859924678001506,1.0,-0.02062151014294782
1.6411178486678013,1.0,0.5015039669468758,1.0,-0.2713099570407474
21.187323659252975,1.0,2.6545507916784246,1.0,-0.4959492748959434
6.953443468955472,1.0,0.6909137340897245,1.0,-0.15723860279693344
26.492568219378462,1.0,2.5948563358742573,1.0,0.143510033952995
10.250585323552535,1.0,0.5483408154815963,1.0,-0.8887451550506751
21.713602218654852,1.0,1.8425357440833745,1.0,0.7439745421516871
15.781089747381598,1.0,4.028168763944238,1.0,2.115481307501983
-4.404451785169314,1.0,0.11491696117163824,1.0,-0.4790348505896384
-15.096363502429362,1.0,0.18134825202593263,1.0,0.2432916139578689
-14.77152978847938,1.0,1.228330775290516,1.0,0.8139829959537319
-20.45264418176076,1.0,0.17958118857189387,1.0,1.1057310033588272
5.284654068247196,1.0,0.241568934813569,1.0,-0.43171004566397414
-8.899904110751294,1.0,0.8726883946725127,1.0,0.35681446189667215
27.832257114424365,1.0,0.955646461600659,1.0,-0.11123637744961004
22.444856718204246,1.0,0.8822489495404364,1.0,-1.4770626373347664
-5.305420179431541,1.0,-0.4250917988771101,1.0,-0.28032360823294855
-2.8897507739883403,1.0,0.9578472230733509,1.0,0.44361009807873636
17.251999617507465,1.0,0.7772579964639036,1.0,-0.05109609197905908
-8.408963907963976,1.0,-0.6661188335995769,1.0,-0.8111642217556921
-13.083059700884794,1.0,0.22485111012943793,1.0,0.2417634060305135
-21.67748682894635,1.0,-0.11761464605718697,1.0,0.9028547097602418
2.1751624568966124,1.0,2.727472374104516,1.0,1.1360610346410125
22.25921671901192,1.0,-0.7658207931061941,1.0,-2.353941565929538
1.6353264445887117,1.0,0.038436085264654585,1.0,0.529151088301008
26.025756205156185,1.0,2.8294352896958617,1.0,1.2169477439698193
44.33921204629083,1.0,3.3568999263402612,1.0,0.8836027859967029
-11.048872124834167,1.0,-0.4390176617481272,1.0,-0.24374143229319306
-14.935647592745429,1.0,1.3126539561585648,1.0,-0.2750045745831477
2.0027364648488652,1.0,1.5822667835770639,1.0,-0.49980048331163623
10.775316197500171,1.0,1.4648353814116017,1.0,0.02751298067171543
4.333088825150526,1.0,0.9297819228197314,1.0,-0.8209252245149565
-3.429933787026182,1.0,1.1658983482067673,1.0,1.0422346519657397
8.882729838373145,1.0,1.6489645222100289,1.0,0.21369438292100817
3.0906783706741257,1.0,0.13325733490740732,1.0,-0.23285972418997314
-17.66179699184111,1.0,0.39188867979127556,1.0,-0.3267525263787228
-14.792034491586548,1.0,-0.2632694576396092,1.0,-0.23011888859262256
10.370098562241083,1.0,0.8725678480200396,1.0,1.3934751018168414
-0.9726189813582886,1.0,1.5077663007019884,1.0,-0.4474849653095949
-5.566966680409004,1.0,1.5053149088589577,1.0,1.5649357569921185
13.13725778255056,1.0,0.03426340539800071,1.0,-1.0493557642843832
-10.274747436733724,1.0,-0.26999572894405244,1.0,-1.1228906460347414
-25.803318962507593,1.0,-1.4541015951256608,1.0,-1.1047338595242082
-3.832723670583484,1.0,1.2215074361463099,1.0,0.16791871250100293
-13.49545173035561,1.0,2.4017325505288065,1.0,1.0084539779884727
25.114402073853615,1.0,2.5373995309348163,1.0,0.1779361428028929
-14.726643849861079,1.0,0.15638264210563035,1.0,0.11688588029437007
7.976931706453071,1.0,2.2239797717363254,1.0,1.3776038938993331
2.308774048912903,1.0,1.6614213037978225,1.0,0.17666760668111842
-4.398197090710561,1.0,1.4624476811231948,1.0,0.37631064921738133
5.861789463629593,1.0,2.217146893783449,1.0,0.7257432055539609
-0.3921256328838698,1.0,-0.16224031580746856,1.0,-0.6605923714448851
21.544587211093166,1.0,2.206096612548295,1.0,-0.0185979595572491
-7.520208691063726,1.0,2.1036354745146824,1.0,1.2003965503198197
25.615051560084105,1.0,2.40281205688379,1.0,-0.16331600149764042
-0.6474452876553438,1.0,-1.4113264071707796,1.0,-1.231702702154669
14.122062915284674,1.0,0.19888747431230838,1.0,-0.9331901961594895
-1.5870402576562648,1.0,-0.7755062920876346,1.0,-0.4264735223521439
11.424778964389303,1.0,1.3755401310847772,1.0,0.08823500545923153
-32.031540110647484,1.0,-0.6733209747703854,1.0,-0.203797903392333
12.971231088818898,1.0,3.254776727481876,1.0,0.6199282554486125
8.874247867015253,1.0,0.09442813257729843,1.0,-1.401425691773647
15.88128759498748,1.0,3.5988910246674104,1.0,1.2007078683200023
8.828991706684526,1.0,-1.1912808310796792,1.0,-1.6785768873700648
-5.280936018184928,1.0,-0.6786781827041297,1.0,-1.1015569044711728
-12.935066807541146,1.0,1.7757490361296704,1.0,0.8013069564620893
10.624274713763537,1.0,1.835115615044971,1.0,-0.07200002711352871
-19.480951615550815,1.0,-0.2513100729721498,1.0,-0.8773237697248046
-16.159293990355813,1.0,0.64118660083441,1.0,0.13877117100592207
-6.1382734581635985,1.0,1.7615327331074089,1.0,0.9707840536120826
-19.845001192158357,1.0,-0.7247193005151334,1.0,-1.18188831015366
-3.2587808555876814,1.0,-0.06998645358321032,1.0,-0.4593717143356848
-5.740841028943018,1.0,1.5703523406986346,1.0,0.7267721839868414
-9.278139896450373,1.0,-0.8213677150735896,1.0,-0.28260072863590974
-8.328766797643672,1.0,-0.25486107421867316,1.0,-0.9958457596004548
-32.46110705329821,1.0,-0.481460330946307,1.0,0.8028089999019487
16.08595282279917,1.0,2.66896476937022,1.0,1.6535159270551056
10.690677895304747,1.0,1.5107357780754116,1.0,0.3766093207116403
17.12551255597205,1.0,2.1768592533175175,1.0,1.5567003192651296
11.980635283879927,1.0,1.3803419439929616,1.0,-0.11966451373304679
-13.64122948516398,1.0,1.2502454405147279,1.0,0.6411236487890251
-21.639120466522137,1.0,-2.231138207567489,1.0,-0.8452945625612462
39.38601573848321,1.0,2.7215396271552788,1.0,-0.44555054061441657
1.8036120315644677,1.0,0.6719015925818814,1.0,-0.38079708064479373
0.7696569853396205,1.0,1.8572281939724755,1.0,0.24784455626666804
5.318484402749139,1.0,1.5995182413246785,1.0,0.8754167580549491
15.201045792715082,1.0,1.348071247341982,1.0,0.2748489529435665
13.142078499784743,1.0,0.39999671678022886,1.0,-1.225649817938511
18.965559722272,1.0,1.231049305484515,1.0,-1.0755386978407113
-10.481312088522333,1.0,-1.1677199861823735,1.0,-0.7605174805321427
29.728946919608582,1.0,3.816062541729406,1.0,1.2912874451287795
0.6478292354376829,1.0,1.512837372653309,1.0,0.5787913461147715
-19.97369667318675,1.0,-0.16922753226658105,1.0,-0.16556685826701467
-28.338609169276857,1.0,1.0643837946706922,1.0,0.5554051788330556
-12.310905950005704,1.0,-0.4049620533502266,1.0,-0.6136781468887776
-4.691346801380703,1.0,1.1319702728216015,1.0,1.1753042671643492
25.792275997318164,1.0,3.1321329586828055,1.0,-0.2011191397599894
-9.565168747318706,1.0,1.9458436660634526,1.0,2.0073658617941077
8.125760250498965,1.0,1.466575994061708,1.0,0.10120477335307586
-21.336433830465925,1.0,-0.6157960218908912,1.0,-0.9963899245641977
3.2525032536017027,1.0,2.1595774014667932,1.0,1.6343505394478395
5.831454016451119,1.0,1.7868546685769957,1.0,0.3043303157378065
5.603849946048439,1.0,1.6475563367161505,1.0,0.18580882713879565
9.233143573619602,1.0,1.175179579780317,1.0,-0.4022181251754776
-20.970442947246084,1.0,-1.8336157163391749,1.0,-1.3235078835010399
10.886038995350876,1.0,2.492517249395135,1.0,1.122578632684879
2.8895268964520464,1.0,1.699959990137289,1.0,0.2954881440144629
-17.508770170355785,1.0,-0.9569206492064986,1.0,-1.1757709900299451
-0.9875444224715011,1.0,1.4894812744258301,1.0,-0.5244884257240403
20.249669191887616,1.0,1.5178627061172614,1.0,-0.5668239494496485
1.8752729186466806,1.0,0.8351724056423581,1.0,-0.05859011193339477
4.052812236013811,1.0,1.2509653849671774,1.0,0.12533013365143733
2.499655495452761,1.0,1.7164686047788607,1.0,0.08452636374906872
1.6320101342398643,1.0,0.8791812162960491,1.0,0.1811676445230496
-2.6782986211412054,1.0,1.3923282636090908,1.0,-0.24143933434931134
18.834181058064107,1.0,1.139038535028743,1.0,-0.5006446025437576
13.842696145355367,1.0,1.8139666119009528,1.0,0.15278824589708723
4.009825528037769,1.0,0.1177071179813769,1.0,-1.4042235556188558
4.7523794873657454,1.0,1.9930281022108707,1.0,0.03813363732020756
30.823375669035,1.0,2.9871531471148,1.0,-0.04348816519671987
-47.20657276129069,1.0,-1.6369761622740564,1.0,-0.513825103874755
-18.35195208832044,1.0,0.9299445340213779,1.0,1.0235043791225251
-18.517083580050716,1.0,-2.224219430183854,1.0,-2.409557648349547
6.8293282507144415,1.0,0.021677863413240184,1.0,-1.6319881224788182
12.770454507415206,1.0,1.9128927173631598,1.0,0.013911559021323105
-21.43277772858745,1.0,0.06619308022999704,1.0,0.267353632966717
-10.38968493963569,1.0,0.7628817011814357,1.0,-0.15711290852178222
7.654317882376194,1.0,2.959250807145508,1.0,1.2787720815641899
6.863219862671892,1.0,0.8008894413296616,1.0,0.5990050696240967
12.599211692861271,1.0,1.6773997431964387,1.0,0.7182320026260738
22.184427549618263,1.0,2.6042445475047353,1.0,0.6846395384724373
3.314847622168834,1.0,-2.1347170225199505,1.0,-2.6899989190193025
-3.8538952708229797,1.0,0.5569130547116599,1.0,-0.37319504469498777
4.4067259999846415,1.0,1.8492218434511782,1.0,0.8245832597308489
21.95150992504727,1.0,0.09395337014193128,1.0,-1.4524423078315825
0.879091000353073,1.0,1.8321236210140919,1.0,0.7691841292853921
17.424069239370365,1.0,1.7052430544767747,1.0,0.37549846798712194
-3.0892240312980666,1.0,0.9693411739214313,1.0,1.0043243902944912
-6.7769188646435765,1.0,1.1913560316097236,1.0,0.17435669469853873
4.31960380913319,1.0,1.2278336703816324,1.0,-0.1802103749506297
5.083014147164821,1.0,1.1639697784975325,1.0,0.34179584367203486
28.41235590683668,1.0,5.225891589112801,1.0,2.200382983532346
13.891550611680676,1.0,1.2788245074617224,1.0,0.7979358746054982
-4.222201899505426,1.0,-0.014889774070964035,1.0,-1.1456896438920996
2.7149734197296347,1.0,0.29541785679784893,1.0,-1.1173294574067592
-7.249965966783508,1.0,-1.9617181773105776,1.0,-1.9431931376938776
6.485559888282804,1.0,1.1379943227532512,1.0,0.8207735802519743
22.366910679271932,1.0,2.2076520482636637,1.0,1.4614345844235408
-3.6629319593539464,1.0,1.3987527827181843,1.0,-1.4658086123149934
45.9553141644534,1.0,4.299736197710163,1.0,0.1201101690483476
-14.351436666456856,1.0,1.2483156323116502,1.0,0.28671922808591493
-6.398068190975573,1.0,-1.3042051669039543,1.0,-0.5713968627446133
14.85279912355567,1.0,0.7224600201906982,1.0,0.26218537022492794
-15.228116874481845,1.0,0.24826693303671066,1.0,0.5120776633662013
-14.485113574384998,1.0,-0.18102922018526169,1.0,0.5272641940511547
-14.728001445796732,1.0,1.1946594710006975,1.0,0.051157838477555895
-8.74496497496014,1.0,-0.9426586244323062,1.0,-1.918056334219048
12.122131987427068,1.0,2.616920177906774,1.0,1.1558300639746146
3.3107536104526125,1.0,1.891328547034596,1.0,0.7839314630185678
22.68872591623696,1.0,3.4050764093864245,1.0,0.2949383451913612
-2.5862454773320724,1.0,1.1669058643802037,1.0,1.0817282317078614
-3.1789702600972625,1.0,-1.5520017350651034,1.0,-1.769319345429434
-30.08914575186632,1.0,0.4768418120740412,1.0,0.33638707511347304
-24.378450390312533,1.0,-0.038261244893488144,1.0,-0.742632279839769
12.790163027869488,1.0,0.26556065041283006,1.0,-1.8649236977862869
-25.9810576285437,1.0,-1.66303221199152,1.0,-1.4675933425844108
-17.422944367690757,1.0,0.8020757878160454,1.0,0.702963260517798
8.694933215375896,1.0,1.0608037876006207,1.0,-0.9178828135825432
-5.617876361278116,1.0,-0.6588307545617128,1.0,-0.14411705981347792
21.404997834563172,1.0,0.9884157815986367,1.0,-1.4108214336852865
-16.618283828154667,1.0,0.7130670518934863,1.0,0.1090016846978419
27.968632849008888,1.0,2.1382452466503103,1.0,0.33756123095527
-3.7629165430295215,1.0,0.26373799856791935,1.0,-0.7242583930870494
18.540466079010276,1.0,1.9885755122485804,1.0,0.39867313409394367
10.451757805772683,1.0,2.385481510309454,1.0,0.9930958548084413
-29.97367249223174,1.0,-0.7914908669364817,1.0,0.026644150777867297
34.48480523624153,1.0,3.2646747568568992,1.0,0.16270264502190945
7.262344481084327,1.0,2.6523393058461444,1.0,0.6129605030198562
-1.2856504948357355,1.0,1.523103410293164,1.0,0.4349869292647151
-11.506685836240237,1.0,1.347237607357719,1.0,0.3845607682205236
-11.825200074524673,1.0,1.1435518590902678,1.0,0.5228157129723615
4.908306805606432,1.0,2.0194747573953955,1.0,0.5187937591895079
16.59633575973137,1.0,3.3537636253741376,1.0,1.7081011554774201
-12.303379692349216,1.0,1.3572081325043426,1.0,1.1710520371711017
-22.736344641299706,1.0,-1.5335598052312427,1.0,-0.918165431082955
3.6318045202238567,1.0,0.120119302064425,1.0,-1.060623034495393
-19.811904743583685,1.0,-0.9967042734013967,1.0,-0.34147814138472454
18.612085938467622,1.0,2.5061058636590365,1.0,0.5442172405057809
-31.327049336205214,1.0,-2.5569309822802646,1.0,-1.4333930889170527
23.411778082967825,1.0,1.478837485127597,1.0,0.1903551445934654
10.034253545575991,1.0,0.9692290463392259,1.0,0.3401854326975824
-11.262174010530803,1.0,1.3264267933595586,1.0,1.1765028847576398
-9.636720551361833,1.0,-1.4967205465814262,1.0,-1.4414832962162807
-14.122664038054547,1.0,0.13481898557628436,1.0,0.028845403783336433
-8.586758608038624,1.0,-0.5309121591057561,1.0,-1.4833328877364769
-14.733385444936756,1.0,-0.09184174038070747,1.0,0.16347371508616132
8.374757571533085,1.0,0.3996068583664403,1.0,-1.7626780138919798
-20.864293110562972,1.0,-0.15008772626173372,1.0,0.2141583205720065
-11.656532565867323,1.0,1.1819023750591118,1.0,0.47320773659888316
5.168534391113064,1.0,0.8957701816419948,1.0,-0.7500744318275644
-8.287238615970757,1.0,-0.13858668832255366,1.0,-0.7384593564775801
7.924635181144537,1.0,1.0083232496224155,1.0,-1.0754669560134416
-11.49776821999722,1.0,-1.1777749860660882,1.0,-1.31239790358727
-16.285206082410486,1.0,0.041315461998344905,1.0,-0.03632535249194599
28.049236167965457,1.0,4.1775853307853,1.0,2.3363040511857265
-24.847079695913433,1.0,0.4082662353991344,1.0,0.1668272431987386
17.80534658221716,1.0,1.8533034627191967,1.0,-0.9876735604419874
3.7473634991789204,1.0,2.1125869552871053,1.0,1.601738360688773
-8.289689376090942,1.0,0.513842990027803,1.0,1.2510963415214247
-20.803663626769787,1.0,0.46643036048936204,1.0,0.9038513107705628
32.71967349222171,1.0,3.6481569122655237,1.0,-0.1401322014361725
7.502213140010423,1.0,0.9115473727358903,1.0,-0.3973657246776074
-4.820653361740909,1.0,0.9569895328258016,1.0,-0.5075951990605492
-10.534261215997851,1.0,0.8975526786278976,1.0,0.15069642877370218
-4.247784781824497,1.0,0.27791585111716305,1.0,-0.46768931022201726
22.98110294874492,1.0,1.3527546085217759,1.0,-0.5177534464652106
-10.08919040490784,1.0,-1.0577708947399076,1.0,-0.13281812209590005
9.788086441161633,1.0,2.502302834397022,1.0,0.7112821579995284
4.70751652242067,1.0,-0.08941136040826181,1.0,-0.1886162949406419
8.506765746357939,1.0,1.3998550087878927,1.0,1.0055829810411396
-5.062154570124612,1.0,-1.5947696867260124,1.0,-1.2892833735502247
-3.975179405197449,1.0,-1.5846391870689844,1.0,-0.7860563557009574
-7.123252462536376,1.0,-1.4733986788627353,1.0,-1.1336565829726433
29.045702324455082,1.0,2.6651375506125743,1.0,0.3794347576837914
16.927913411629394,1.0,0.9711418667181042,1.0,-1.2010143268009312
3.929873592469408,1.0,2.3985595761725733,1.0,0.370425378260128
-27.30103572915047,1.0,-1.2611828084323327,1.0,-0.9467830880546515
-17.61415250711684,1.0,-1.4684840406208446,1.0,0.03393315626410359
9.849751838504023,1.0,-1.035990299153987,1.0,-2.2002158622449497
21.48483697062268,1.0,0.17190206127969998,1.0,-1.1209275417377615
-17.475555270718168,1.0,0.08022368138182667,1.0,0.32241331350413116
45.95864162228608,1.0,4.115720962860546,1.0,-0.3812145698856502
10.10361946981186,1.0,1.8182986540723733,1.0,0.5336406163774424
35.546011962598214,1.0,1.3785040593041495,1.0,-0.795492021175203
34.3740012201014,1.0,2.503012354574007,1.0,-0.5117296289438801
-9.951965810259104,1.0,0.21257129166901534,1.0,-0.721504958991625
-16.21258064786302,1.0,1.458481111857599,1.0,0.9586305754225124
35.51645249309563,1.0,4.014087750671036,1.0,1.7762481642508614
-10.574660494793187,1.0,1.0734178870807556,1.0,0.753042556266193
2.033674730327005,1.0,1.9616067090885125,1.0,1.1867733820501616
6.254122527462915,1.0,0.6956330298819995,1.0,0.11462478005315409
19.488705518508674,1.0,2.7744081512959893,1.0,0.3389950682240762
26.69467339687752,1.0,1.6602725996941743,1.0,0.1362960098080509
6.926014446223716,1.0,1.7261772964533506,1.0,0.26141396509052045
4.5712012041107455,1.0,-0.0065461382304270455,1.0,-1.2145927001436174
32.71345742844384,1.0,3.669466463639533,1.0,2.264846132487005
-9.37212832444663,1.0,1.1461102342169733,1.0,0.4641040858864528
-5.104158183297983,1.0,-0.19637467337987746,1.0,-0.6818953666023629
11.624178574232904,1.0,2.705340946695065,1.0,0.39997515040036846
28.235238202178227,1.0,2.608431891688639,1.0,0.6624322129579198
4.811264077477233,1.0,0.7263435486789027,1.0,0.174816378188429
-37.06951883250668,1.0,-1.7308285975921083,1.0,-0.16822804864893276
-0.7332056106686835,1.0,1.9745261347971559,1.0,0.668547810842328
15.473130702131813,1.0,3.118493164060321,1.0,1.9815402537827964
-6.434873483582448,1.0,1.1295278473080055,1.0,1.2013183940951917
3.1031866454776473,1.0,1.2979302385032112,1.0,0.24926808114702895
-15.646542310257566,1.0,1.3271456025654018,1.0,0.8823698028492692
27.700468724954113,1.0,3.44753087392507,1.0,1.77586113490566
2.0784142846739773,1.0,1.392091608880042,1.0,-0.2080436591178904
-17.89794802939663,1.0,-0.7916105735238927,1.0,0.21264174711258294
8.378693286283944,1.0,0.5776188172395451,1.0,-0.055210590992174534
33.042342042502206,1.0,0.7500941452858019,1.0,-1.0072974373851438
-10.418539456655843,1.0,1.2101947518274963,1.0,-0.10412530584509125
-34.67395128083915,1.0,-1.303271165829404,1.0,-0.037823073607730615
-28.260969733857173,1.0,-1.1175480125860497,1.0,-0.5762223907246504
21.166526276196393,1.0,1.6755267971418235,1.0,0.9633289005827955
-4.716516037118581,1.0,-1.7942010814593452,1.0,-1.4152676322992004
26.826368928737416,1.0,1.8317001384751501,1.0,0.2280355853961315
9.345891008288373,1.0,1.3502569232351522,1.0,0.216032219903021
-13.805742334795687,1.0,-0.06988522057532265,1.0,-0.46297445153684663
39.75087154724884,1.0,3.4596071617213067,1.0,-0.07103902190038829
-7.698036001068106,1.0,0.06817272326090262,1.0,0.41609235496778396
-4.478429827688358,1.0,1.6452208231920973,1.0,1.321277465882773
17.72164554301487,1.0,0.011446647448891817,1.0,-1.2012032691718042
26.65191159962932,1.0,2.7732077282496377,1.0,0.5184356363751067
34.60100526874411,1.0,3.0227910546238546,1.0,0.3328480041706106
11.164218838422237,1.0,-0.9073220881167945,1.0,-1.110928966102621
-5.11601283804621,1.0,2.1504854817299286,1.0,1.3286596428261643
-5.830564390431196,1.0,1.5034067105920979,1.0,0.381173342595343
6.970688396160087,1.0,0.7843962275969043,1.0,-0.1057682634359757
-7.209178703845101,1.0,0.5438494864894191,1.0,0.4020636342356913
24.155391410230774,1.0,2.2361328032646455,1.0,0.8078302200843918
3.290703352242485,1.0,1.281180470732926,1.0,0.24505094591231683
-9.663784516735962,1.0,-0.67587649829888,1.0,-1.7304688101803112
3.696036299530843,1.0,1.697980085077644,1.0,0.4635551006819421
-0.7317116137970885,1.0,2.4894692192207764,1.0,1.192402846026485
31.51905740026299,1.0,2.0706281576158863,1.0,0.08922768905255914
-7.068522856557815,1.0,-1.101490649728257,1.0,-0.9450151924833241
3.647233070948078,1.0,0.3595522677455554,1.0,-1.387125792956717
24.115755618210443,1.0,2.965121792510972,1.0,0.1827575595936972
-10.385779938015284,1.0,-1.0010618669200664,1.0,-1.0564109901003287
6.166864271010496,1.0,2.7772084429918724,1.0,0.5531345916912186
-6.594180217449063,1.0,-0.37778519868118443,1.0,-0.36607014512589847
-6.056585784459827,1.0,0.9639073517260357,1.0,-0.3889746521661951
-2.1855061575273966,1.0,1.661633406716394,1.0,0.5855384862759354
-7.106688710055446,1.0,-2.376137515658142,1.0,-2.371140768370044
15.312052157126944,1.0,1.4760278572924779,1.0,0.9089927903648856
-11.533015296395888,1.0,-1.1926698551765704,1.0,-0.8128253595029659
4.898677656102076,1.0,-0.7157498858415524,1.0,-1.2011573401414213
-7.640803677164655,1.0,1.1568085533681218,1.0,1.2729584310641189
15.351251767040223,1.0,1.4550773121660046,1.0,0.5117003356811556
-20.98668118696303,1.0,-0.6632426285223143,1.0,0.5796394438653614
-20.260799744694623,1.0,-0.23874776904732467,1.0,-1.1958962709350276
0.5622826647376722,1.0,1.004262418385669,1.0,-0.1746321001855636
-2.075757200061936,1.0,0.3707185552213381,1.0,-0.37674725966951855
22.23922959391152,1.0,1.878982776585644,1.0,0.06063175573828169
-3.0167270031856663,1.0,2.6878707620270292,1.0,1.9245249994372737
-7.111793142073629,1.0,1.8791743713014637,1.0,1.514605081199058
21.34967900279212,1.0,0.1326510360171511,1.0,-0.6074578244588359
2.422040417360276,1.0,0.30077331189165146,1.0,-0.8522497081813777
25.19804693654627,1.0,1.9081574999764133,1.0,1.0961084635689493
-3.992754492652406,1.0,0.4624506763256961,1.0,-0.4605128701214291
-4.181056497049994,1.0,0.08932579599100188,1.0,-0.07556167018950868
17.159890361826918,1.0,3.7582116663595366,1.0,0.5374961891343105
-0.07610511245504004,1.0,2.8295154196711185,1.0,2.3058226507815327
11.913051298187648,1.0,3.4629715169360384,1.0,1.6256828615280956
12.442225718762657,1.0,1.0029320821853154,1.0,0.6326343471294382
-36.487909823134274,1.0,-0.876811081276353,1.0,0.1197914956237802
1.1325292289999225,1.0,1.694436155317569,1.0,0.42108327585728855
-10.24082658211604,1.0,0.5722881095860546,1.0,0.0668435173865433
39.057264392326935,1.0,3.462170708237684,1.0,-0.0386235513636057
-5.03745197852222,1.0,-0.23699628142836787,1.0,-1.2751794393352875
11.12225241340063,1.0,1.1290242130122023,1.0,0.08027935676647296
14.700731015147273,1.0,3.0588189783539956,1.0,1.2385725202205442
-19.160457085750735,1.0,0.8117042492778535,1.0,-0.5292013614721243
18.427614598699332,1.0,2.456721621147437,1.0,1.3873074575902848
-11.815087594065677,1.0,-0.23575059384520913,1.0,-0.5879733778132481
-1.7106487960743175,1.0,2.2460295257959446,1.0,1.2583225957476931
15.615882341887815,1.0,1.4332232732981238,1.0,1.081687448403048
-23.74343756412777,1.0,-1.9686703583214915,1.0,-3.0457697652611255
21.10623418455166,1.0,3.136157042479609,1.0,1.8048774878606502
-5.673243683879985,1.0,0.24328499343937118,1.0,-0.5582734221215427
5.462512331330338,1.0,1.6569605128773035,1.0,0.8872176722807379
15.036515981951256,1.0,0.7166214296161162,1.0,-1.0447847447711303
-2.886138548495267,1.0,0.7044782133122777,1.0,0.3755219972745549
12.559788645187853,1.0,1.829620826633274,1.0,0.8687478422009203
13.160886892945381,1.0,3.5846893963953383,1.0,1.8976727816396306
-9.777195989980395,1.0,-2.0047724611498934,1.0,-0.7841574883949761
8.631737923898331,1.0,1.1103833815535296,1.0,-0.370997842701336
-3.792609798687371,1.0,1.935621798314495,1.0,1.0670095285282448
-3.9381393497086625,1.0,1.8370325033084023,1.0,1.163987414722253
-3.48347102160173,1.0,1.009227315685124,1.0,0.27615057148828365
21.087385184101795,1.0,3.43523253427845,1.0,0.5435656539745987
13.652875726996438,1.0,1.2641902891233525,1.0,-0.4189717202475097
10.96903446359418,1.0,0.017176749450450557,1.0,-0.5123770072868178
8.406035680550962,1.0,2.2717298921483398,1.0,0.35015821058049135
2.993739177655367,1.0,0.26731939435932395,1.0,0.29274129810945504
22.173623419338725,1.0,2.2604071446345047,1.0,-0.08281460227159644
12.90539541861605,1.0,1.3219889558817703,1.0,0.124424530205483
-3.987256524396367,1.0,0.3459073035241269,1.0,0.10590309133444913
-17.572090033977357,1.0,0.005067500786440582,1.0,-0.23193877170468502
-5.137130690732852,1.0,-0.4348473024655758,1.0,-0.8874722648597667
-6.6263045950735835,1.0,1.8640103586976173,1.0,0.8337959376826465
10.030741699312866,1.0,1.519329248807183,1.0,-0.3661284121045398
-13.829867338550997,1.0,-1.2909071325335244,1.0,-0.7842903695464918
9.384207312185907,1.0,2.0373383998960555,1.0,-0.03948169217249708
-1.746889472681934,1.0,0.5654512572408661,1.0,0.6477268448228135
-37.01655198876875,1.0,-2.0328231185806174,1.0,-1.0335948690094503
-5.643704564061851,1.0,0.39873127408059955,1.0,-0.3890110021966934
15.031158215287668,1.0,2.0713292744542087,1.0,-0.42039780783648034
48.84203739913456,1.0,1.7130795866393256,1.0,0.14065193110046867
17.560144906165988,1.0,2.5368051243727616,1.0,-0.24300832293163044
-12.541270419894989,1.0,-0.3816320504569848,1.0,-0.14638318409624332
1.8454917122061483,1.0,0.17659658482866925,1.0,0.35597284870114027
-5.207884706659716,1.0,1.751050004345409,1.0,0.5504206679302317
-10.175972678152784,1.0,1.2930871392427996,1.0,0.6631141640313449
1.3738282455141837,1.0,1.2271105377028744,1.0,0.42073547407974154
-2.922626079622731,1.0,2.3685320364296976,1.0,2.424165795695548
-3.4079043303445875,1.0,1.374059376246187,1.0,-0.2916160139199295
8.843416536430892,1.0,-0.8756100377743945,1.0,-1.4797065257174382
8.113625593143155,1.0,1.76255332083088,1.0,-0.27541308841339646
30.242318682036096,1.0,2.834417882669276,1.0,0.5435031822169845
23.14638060183514,1.0,2.7644665117420897,1.0,-0.5661709677436709
-16.109306000415472,1.0,0.4968444955764182,1.0,1.0437676249521586
-1.9150013651821753,1.0,0.11157615426661029,1.0,-0.7758079514093132
-8.012567533804974,1.0,-0.4654939249773957,1.0,-0.22232397430076922
2.8340235954918924,1.0,-0.3541405974618581,1.0,-0.8202735908561118
-1.370504849429167,1.0,-1.6761823675881358,1.0,-1.248038897596564
3.759116952286734,1.0,2.3086837948492827,1.0,0.3261657617916092
1.6839511754294507,1.0,0.4115098341791372,1.0,-0.43383564335990493
14.591348719683978,1.0,3.08614701197843,1.0,0.9968038440389018
-20.786531847479772,1.0,-1.6114550604539182,1.0,-0.8458257509116061
8.729760243595376,1.0,0.13874151818614466,1.0,-1.3315576738703052
7.8455321616346785,1.0,-0.7134054796448485,1.0,-1.9957599524543341
11.848930222433816,1.0,0.6487603548482923,1.0,-2.2062683451920617
-0.7119304582059125,1.0,-0.5714746227317278,1.0,-0.7038842495914923
0.6322388053169454,1.0,0.046015320645726665,1.0,-0.013795839550095548
15.578367729715808,1.0,2.536330018685497,1.0,1.5671977121273004
-4.215194667054817,1.0,1.0151844126117184,1.0,0.8477226055030906
-10.353745685400579,1.0,-1.0327106278563218,1.0,-0.2885715467709283
30.031376566068083,1.0,1.6818966952919934,1.0,0.11419353317950705
-20.783630033616483,1.0,-0.9693579567148058,1.0,0.09541994408575308
5.020161158712639,1.0,1.2875581528434152,1.0,0.6533237923499191
23.000583269141323,1.0,3.82301337192669,1.0,1.281719887395071
-4.2432376613168445,1.0,-0.1405654141186644,1.0,-1.2886646782507967
16.25311579742324,1.0,3.268894210172557,1.0,2.5149018482135403
-9.026703539988588,1.0,0.46465378327915663,1.0,-0.9491533998778126
0.7002681122142516,1.0,-3.253866055810236,1.0,-2.2146291822266693
1.5577660681926613,1.0,2.6495498325855076,1.0,1.147560923982992
11.55162499027241,1.0,-0.444205558657251,1.0,-1.4441308128835966
-22.957991078771975,1.0,-1.846338050273854,1.0,-1.4947439597364112
-8.923538690403277,1.0,0.2472802323295745,1.0,-0.7785867727736264
20.679988265920034,1.0,0.3586993242494832,1.0,-0.8259030362801438
14.094835250381237,1.0,0.9971183988425679,1.0,-0.7205264073990046
24.851810825233713,1.0,3.7334278249931883,1.0,2.870989366596162
13.617428861873535,1.0,1.6948673328197423,1.0,0.03604930411462034
-21.637833082703576,1.0,-0.5294582847535966,1.0,-0.8227029554933416
6.058024516655488,1.0,1.1443591612074047,1.0,0.3981365327589881
18.082446351561273,1.0,2.54226430884347,1.0,-0.4532258875454912
-9.709788307840284,1.0,0.9114378157393594,1.0,0.08506470486148981
22.77246445264672,1.0,2.0302805655303935,1.0,0.26891078317088113
21.158170125078527,1.0,0.8220380999717434,1.0,-1.2745665142729028
-3.537321370703255,1.0,-0.17737287633637333,1.0,0.17222036811970906
-44.13814574954114,1.0,-1.9580161168636696,1.0,-0.4826699776074705
19.970305270029293,1.0,2.360911033772578,1.0,0.30667892944066166
-0.6536515872720495,1.0,-0.06776158079831623,1.0,-0.6682199526492344
-13.47110418724879,1.0,0.3868434440925531,1.0,0.12121033654584852
3.960993539943988,1.0,0.6678267371449121,1.0,-0.5074053022419645
11.183141597568408,1.0,3.9517334560022626,1.0,0.6552756884052673
12.098652531655212,1.0,0.27175468492544863,1.0,-1.1104499591245027
11.244998242442515,1.0,1.9810829762214515,1.0,0.0951230052583947
15.980646493515017,1.0,3.682251242288519,1.0,0.37724265700486054
-15.423837250066555,1.0,-0.21136695605144407,1.0,-0.6193341150727033
-3.490033626370982,1.0,1.8673629289126605,1.0,1.0550013782880345
-9.831589180985484,1.0,-1.19763085872177,1.0,-2.322055630936904
27.54448431533264,1.0,0.8740243725258239,1.0,-0.6914766210252803
3.8668516223428893,1.0,1.9134486662174766,1.0,1.3577910576428813
16.06248479812973,1.0,2.1068384533509965,1.0,-0.3527051199011153
-27.934458193113933,1.0,-3.016808313767867,1.0,-2.5244496238288527
-12.150187850919611,1.0,-1.257121795490742,1.0,-1.2212555133660792
-22.630137964968586,1.0,-0.7501954757596994,1.0,-0.8490419201071057
21.96369414538725,1.0,1.1238129826116043,1.0,-1.3748246324139966
-2.629352719071729,1.0,-0.8652887041211373,1.0,-0.8100982013826158
23.424265774999434,1.0,3.407508571240534,1.0,1.6787387781323435
15.75714971901973,1.0,1.5178458382989355,1.0,0.837584400487528
35.26547427520949,1.0,2.9664479855643737,1.0,0.5620280323635808
-30.310024438169613,1.0,0.3909664630361789,1.0,0.8460677914630789
-6.292377154809721,1.0,-1.322946449559525,1.0,-0.9217112239325316
6.386171500147729,1.0,-1.1407028498575682,1.0,-2.1966840028713963
22.23883396566937,1.0,2.860162422648374,1.0,0.4340698774916393
-8.964826055193539,1.0,0.20805805859902637,1.0,-0.061565776374440585
-3.555883666650721,1.0,-0.03319340328515963,1.0,-0.9308472528202385
10.739553238563554,1.0,2.9340606791429,1.0,0.2930192250831734
-9.191853283201883,1.0,-1.351581033169698,1.0,-0.45755605022316803
19.891498904819127,1.0,1.4886102244878394,1.0,-0.26407821695455685
35.57489098274117,1.0,2.436270438942051,1.0,0.6029119814309288
-13.013843541313705,1.0,-0.22096649682003536,1.0,-1.366692395301681
-13.40265157096561,1.0,2.5308384960104764,1.0,2.228681933013701
8.18364071063187,1.0,0.24528073472710502,1.0,-0.5470943919569923
-2.750550568244594,1.0,1.3965549458916917,1.0,-0.4035361171685054
20.73702870592066,1.0,3.2147949549706976,1.0,1.501030039218485
-7.868051597167008,1.0,0.9407676628196371,1.0,0.8750652510781766
3.22394797861508,1.0,2.3988838734876,1.0,0.6519954191277504
23.23598749477442,1.0,1.8890054519795327,1.0,-0.0003426443537936705
11.750112908196897,1.0,1.728955879940728,1.0,-0.37588837932085895
-3.663866965566167,1.0,1.0685842644974435,1.0,-0.19666277620417874
16.80310345044023,1.0,3.019861025708685,1.0,2.0013036970865095
-14.107047641158738,1.0,-0.5865546420367911,1.0,-0.24684035801667156
1.3468929050295584,1.0,1.2916027354992416,1.0,0.5074043564719605
-22.99676986969092,1.0,-1.3467257648687485,1.0,-1.0740330000941944
22.99953524935909,1.0,1.400021304676649,1.0,-0.44720075460467734
15.89906313164568,1.0,-0.6840956585937409,1.0,-0.8562848621906027
5.346224642487169,1.0,0.8254718930460712,1.0,-0.6551078760225504
15.774576690339813,1.0,0.6509408055644337,1.0,0.039775356733412634
0.35348662022219957,1.0,1.3417828022249365,1.0,-0.4048482524280081
9.247660400325394,1.0,1.9309394236774422,1.0,0.5284016861198965
-1.156167638883135,1.0,-0.00892146233264135,1.0,-0.17691404761450702
8.750395863116486,1.0,1.3646156377960448,1.0,-0.05260429754209341
-8.858677207298125,1.0,0.8408696144017258,1.0,0.07264789882143925
-6.70311128086159,1.0,-0.8240265523452643,1.0,-1.0726298939778156
-12.670469596613138,1.0,-1.097978160276029,1.0,-0.756833119974101
-0.15118792209669452,1.0,0.22690807326101237,1.0,-0.28160978884219623
-14.472384169701343,1.0,1.717871040825768,1.0,1.5530023340602588
-6.727011455686951,1.0,0.7433071974587225,1.0,-0.23701533387148668
8.638929327234544,1.0,1.130656536742567,1.0,1.4282238837591752
26.03392364959755,1.0,1.4491416913220228,1.0,-0.08574628398740897
-1.9341467319157868,1.0,0.08985364051712247,1.0,-0.7461755793667578
-1.6336826349959646,1.0,-0.310343576441962,1.0,-1.1467326566623914
6.68444011181189,1.0,0.7960445880245386,1.0,-0.1447143453409969
32.10154196201694,1.0,1.6178237927010461,1.0,-0.7988032505188195
-26.203443353522776,1.0,-0.42538056416500425,1.0,-0.04429368679780684
-9.673847799704607,1.0,1.8441773164693132,1.0,0.8233215435683232
8.385231355014195,1.0,1.102993240632034,1.0,0.2558677221376891
-17.135993726478546,1.0,0.360450086353608,1.0,0.15374131949329967
8.111141815533962,1.0,0.1795953477037348,1.0,-0.720442661617256
-5.3559913377941655,1.0,2.0675842233486232,1.0,1.8299499806675144
15.81014562504575,1.0,1.343267822993431,1.0,0.2567409648015425
-5.505447180765816,1.0,1.4796270211300668,1.0,1.0270626435127586
-12.16807450230505,1.0,-2.519264056857628,1.0,-1.802454864474226
36.76937664509833,1.0,3.296346536746968,1.0,1.072071747201957
9.607655399818263,1.0,1.119315679068893,1.0,-0.33726916603786816
9.521783267644608,1.0,-0.8895665896605984,1.0,-1.4352871072594082
-7.591781146149469,1.0,2.145835030090325,1.0,1.4637644098711318
7.892992674627044,1.0,1.8778633109431953,1.0,0.026568470643368224
19.228188422418153,1.0,1.5958728110081926,1.0,-0.034051276527869684
34.070832408765185,1.0,4.429189935556666,1.0,1.1070854055587183
-6.27447769105434,1.0,2.9898790788854726,1.0,1.8874063952576223
7.962627460107108,1.0,-1.9960210332929846,1.0,-1.1329129544620484
6.300669573614061,1.0,0.23541934481623933,1.0,-1.1466385697120223
-9.374185660544592,1.0,-0.2519789399121748,1.0,0.4444723381685637
-5.575163972853209,1.0,1.8046802896923806,1.0,0.22214137692226735
-6.424272445625366,1.0,0.23999710506103034,1.0,-0.059294334667804025
11.889438128665898,1.0,2.3281491317633525,1.0,0.5181479915042285
0.8247477404279766,1.0,1.7954179316434042,1.0,1.187403939810368
-10.324394674589492,1.0,0.4780125183797391,1.0,-0.3741031302864055
-3.084971341845733,1.0,1.241471271382821,1.0,0.3960473266593237
-9.485040389697776,1.0,3.3596296292469954,1.0,2.4980240474264734
14.305535701495263,1.0,1.9425119764980339,1.0,1.2049357107918979
17.573489365089507,1.0,1.5100988710302738,1.0,0.4226550681453158
26.843164493935753,1.0,1.2400658301792027,1.0,0.307862620935586
9.4794034912794,1.0,2.4350845310491858,1.0,1.1498704053321271
-20.82012076895108,1.0,-0.25111379438971015,1.0,-0.11037691500278139
-19.511063654211714,1.0,-0.3865315093873226,1.0,-0.839448102107639
22.57029916152045,1.0,3.397683869814828,1.0,1.1439252384104128
-25.77095993512698,1.0,-2.0277491456880474,1.0,-1.2487234164140175
21.95001970188244,1.0,2.7435608090611794,1.0,0.22079830312223958
9.843083528184197,1.0,0.2482446670832006,1.0,-1.135139151337416
1.9915370542324322,1.0,1.0040854650051003,1.0,0.11941190820246082
5.400459894418981,1.0,1.129867199574096,1.0,0.44131815323632495
-12.24536378018769,1.0,-0.06291475652259415,1.0,-0.43038265154270394
-7.740880655936085,1.0,1.7090190703366306,1.0,0.9960800341046057
11.552494547419574,1.0,1.1116946258734082,1.0,-0.18588226241587172
1.3243605892768238,1.0,0.12180746794698472,1.0,-1.5917897191605634
