,flowtime,makespan,coordination,success_rate
0,4507.0400390625,160.0,0.8793082237243652,0.0
1,4414.72021484375,160.0,0.9737762212753296,0.0
2,3894.080078125,160.0,0.9804882407188416,0.0
3,4296.9599609375,160.16000366210938,0.9549200534820557,0.03125
4,3878.240234375,160.0,0.9404658079147339,0.0
5,3983.83984375,160.0,0.9440871477127075,0.0
6,3526.39990234375,160.0,0.9222964644432068,0.0
7,4402.7197265625,160.16000366210938,0.9158029556274414,0.03125
8,4463.52001953125,160.0,0.9503933787345886,0.0
9,4097.759765625,160.16000366210938,0.906437337398529,0.03125
10,4006.880126953125,160.16000366210938,0.8974462747573853,0.0625
11,4310.240234375,160.16000366210938,0.8526785969734192,0.03125
12,4187.2001953125,160.16000366210938,0.8764672875404358,0.03125
13,4034.239990234375,160.16000366210938,0.9589160680770874,0.03125
14,4068.960205078125,160.16000366210938,0.8891733288764954,0.03125
15,4078.080078125,160.0,0.9340347051620483,0.0
16,4286.240234375,160.0,0.8624500632286072,0.0
17,4437.919921875,160.16000366210938,0.9633491635322571,0.03125
18,4308.16015625,160.0,0.9346902966499329,0.0
19,4032.9599609375,160.0,0.9731518626213074,0.0
20,4316.7998046875,160.16000366210938,0.9381868243217468,0.03125
21,3937.919921875,160.0,0.9620067477226257,0.03125
22,4016.64013671875,160.16000366210938,0.9686875343322754,0.03125
23,4547.6796875,160.0,0.9458978772163391,0.0
24,4173.759765625,160.0,0.950767993927002,0.0
25,4334.240234375,160.0,0.9466471076011658,0.0
26,4061.1201171875,160.16000366210938,0.9702172875404358,0.03125
27,4010.39990234375,160.0,0.9438061714172363,0.0
28,4287.0400390625,160.0,0.9703421592712402,0.0
29,4450.39990234375,160.0,0.9092782139778137,0.0
30,3781.599853515625,160.0,0.9761800765991211,0.0
31,3832.800048828125,160.0,0.9496129155158997,0.0
32,3994.239990234375,160.0,0.9442432522773743,0.0
33,4234.7197265625,160.0,0.9574487805366516,0.0
34,4702.7197265625,160.0,0.917957067489624,0.0
35,4123.35986328125,160.16000366210938,0.9210476875305176,0.03125
36,4084.159912109375,160.0,0.9432130455970764,0.0
37,3587.68017578125,160.0,0.9079670310020447,0.0625
38,4246.080078125,160.0,0.9838911294937134,0.0
39,4080.9599609375,160.16000366210938,0.9675324559211731,0.0625
40,4134.080078125,160.0,0.9752747416496277,0.0
41,4629.2802734375,160.16000366210938,0.9411838054656982,0.03125
42,4322.5595703125,160.0,0.9377185106277466,0.0
43,3932.800048828125,160.16000366210938,0.9508616328239441,0.03125
44,4062.56005859375,160.0,0.9550761580467224,0.0
45,3857.280029296875,160.0,0.9491758346557617,0.0625
46,4028.159912109375,160.16000366210938,0.8893606662750244,0.03125
47,3458.56005859375,160.0,0.9795204997062683,0.0
48,3719.68017578125,160.16000366210938,0.894386887550354,0.03125
49,4176.64013671875,160.16000366210938,0.9064685106277466,0.0625
50,3926.079833984375,160.16000366210938,0.9422452449798584,0.03125
51,4150.8798828125,160.16000366210938,0.9411525726318359,0.0625
52,4092.0,160.16000366210938,0.9216408729553223,0.03125
53,4568.64013671875,160.16000366210938,0.9666271209716797,0.09375
54,4005.43994140625,160.0,0.9441183805465698,0.0
55,4279.83984375,160.0,0.9337849617004395,0.0
56,4246.7197265625,160.0,0.9332542419433594,0.0
57,4407.0400390625,160.16000366210938,0.945960283279419,0.03125
58,4400.9599609375,160.16000366210938,0.9489884972572327,0.03125
59,4453.919921875,160.16000366210938,0.9055631756782532,0.03125
60,3721.119873046875,160.0,0.9549825191497803,0.0
61,3690.56005859375,160.0,0.939248263835907,0.03125
62,4396.48046875,160.0,0.9282592535018921,0.0
63,3599.35986328125,160.0,0.9252310395240784,0.0625
64,3776.320068359375,160.16000366210938,0.9189872741699219,0.03125
65,4479.3603515625,160.0,0.9412150382995605,0.0
66,4433.759765625,160.0,0.9710289835929871,0.0
67,4409.599609375,160.0,0.9453983306884766,0.0
68,4294.7197265625,160.0,0.944836437702179,0.0
69,4194.7197265625,160.0,0.9768980741500854,0.0
70,4709.1201171875,160.16000366210938,0.8966658115386963,0.0625
71,3974.080078125,160.0,0.9439311027526855,0.0
72,3635.519775390625,160.16000366210938,0.9449924826622009,0.03125
73,3950.719970703125,160.0,0.9757117629051208,0.0
74,3146.8798828125,160.16000366210938,0.9678446650505066,0.03125
75,4106.56005859375,160.0,0.8907654881477356,0.0
76,4484.6396484375,160.0,0.908341646194458,0.0
77,3741.60009765625,160.0,0.9509240984916687,0.0
78,3965.60009765625,160.16000366210938,0.9542644619941711,0.03125
79,4058.8798828125,160.16000366210938,0.9799887537956238,0.03125
80,4712.7998046875,160.16000366210938,0.9749937653541565,0.09375
81,4285.1201171875,160.16000366210938,0.9476460814476013,0.03125
82,3629.43994140625,160.0,0.9458666443824768,0.03125
83,3945.27978515625,160.16000366210938,0.9358453750610352,0.03125
84,4106.400390625,160.0,0.9834228157997131,0.0625
85,4797.76025390625,160.16000366210938,0.9009115695953369,0.03125
86,4255.2001953125,160.0,0.9513923525810242,0.0
87,4353.919921875,160.16000366210938,0.8914835453033447,0.03125
88,4300.16015625,160.16000366210938,0.9443681240081787,0.0625
89,4047.0400390625,160.0,0.9196116328239441,0.03125
90,4269.60009765625,160.16000366210938,0.897258996963501,0.03125
91,3936.47998046875,160.16000366210938,0.9178633689880371,0.03125
92,3567.35986328125,160.16000366210938,0.9841721057891846,0.0625
93,3533.43994140625,160.0,0.9536088705062866,0.0
94,4128.3203125,160.16000366210938,0.948676347732544,0.03125
95,3992.0,160.0,0.9517045617103577,0.0
96,4239.52001953125,160.0,0.8587037920951843,0.0
97,4205.60009765625,160.0,0.924669086933136,0.0
98,3795.199951171875,160.16000366210938,0.9557942152023315,0.03125
99,4020.800048828125,160.16000366210938,0.9779283404350281,0.03125
100,3448.639892578125,160.0,0.9199550747871399,0.0
101,3548.64013671875,160.0,0.9768044352531433,0.0
102,4390.56005859375,160.0,0.9378746151924133,0.03125
103,4313.2802734375,160.0,0.9032217860221863,0.0
104,4079.52001953125,160.16000366210938,0.9513923525810242,0.03125
105,3730.080078125,160.16000366210938,0.9803946018218994,0.03125
106,4490.56005859375,160.16000366210938,0.897602379322052,0.03125
107,4462.39990234375,160.16000366210938,0.9477709531784058,0.03125
108,4659.2001953125,160.16000366210938,0.9604145884513855,0.03125
109,4467.6796875,160.0,0.9064997434616089,0.03125
110,4129.2802734375,160.0,0.9471778273582458,0.0
111,4682.7197265625,160.16000366210938,0.9415584206581116,0.03125
112,4279.3603515625,160.0,0.9648788571357727,0.0
113,4272.7998046875,160.16000366210938,0.9631930589675903,0.0625
114,3997.119873046875,160.0,0.9397477507591248,0.0
115,4499.83984375,160.0,0.9435564279556274,0.0
116,4056.159912109375,160.16000366210938,0.9373438954353333,0.03125
117,4206.72021484375,160.16000366210938,0.9535464644432068,0.125
118,3403.52001953125,160.0,0.9640047550201416,0.0
119,4426.240234375,160.16000366210938,0.9479895234107971,0.03125
120,3538.719970703125,160.0,0.9247314929962158,0.0
121,4187.68017578125,160.0,0.9748376607894897,0.0
122,4136.80029296875,160.16000366210938,0.9664710164070129,0.09375
123,4425.4404296875,160.16000366210938,0.9178633689880371,0.03125
124,4016.159912109375,160.16000366210938,0.88267982006073,0.0625
125,4615.68017578125,160.16000366210938,0.9750249981880188,0.03125
126,4388.3203125,160.16000366210938,0.9068743586540222,0.03125
127,3406.39990234375,160.16000366210938,0.9782404899597168,0.03125
128,3936.47998046875,160.0,0.9201735854148865,0.0
129,4666.72021484375,160.0,0.9286651015281677,0.0
130,3877.759765625,160.0,0.9107767343521118,0.0
131,4548.47998046875,160.16000366210938,0.9716845750808716,0.03125
132,3973.919921875,160.16000366210938,0.9437437653541565,0.03125
133,4900.9599609375,160.16000366210938,0.8693493604660034,0.0625
134,4279.6796875,160.16000366210938,0.951298713684082,0.03125
135,4498.23974609375,160.0,0.9041271209716797,0.03125
136,4228.0,160.16000366210938,0.9227647185325623,0.03125
137,4121.759765625,160.16000366210938,0.9701548218727112,0.03125
138,4137.43994140625,160.0,0.8884240984916687,0.0
139,3954.39990234375,160.0,0.895510733127594,0.0
140,4170.240234375,160.0,0.9852959513664246,0.0
141,4163.35986328125,160.0,0.947458803653717,0.0
142,4396.64013671875,160.0,0.9625998735427856,0.0
143,3988.0,160.0,0.8885802030563354,0.0
144,3782.39990234375,160.0,0.9745254516601562,0.0
145,4261.2802734375,160.0,0.8637300133705139,0.0
146,3590.719970703125,160.16000366210938,0.9189560413360596,0.03125
147,4025.60009765625,160.0,0.9311938285827637,0.0
148,3918.239990234375,160.0,0.9633179306983948,0.0
149,3944.159912109375,160.0,0.9778346419334412,0.0
150,4467.0400390625,160.0,0.9161151647567749,0.0
151,4465.599609375,160.16000366210938,0.9363136887550354,0.03125
152,4384.9599609375,160.0,0.8648539185523987,0.0
153,4050.56005859375,160.16000366210938,0.9122440218925476,0.0625
154,4332.3203125,160.0,0.9716845750808716,0.0
155,3927.52001953125,160.16000366210938,0.9171453714370728,0.03125
156,3860.9599609375,160.0,0.9282904863357544,0.0
157,4706.56005859375,160.16000366210938,0.9429944753646851,0.0625
158,3339.199951171875,160.0,0.9702485203742981,0.0
159,4589.919921875,160.0,0.9507367610931396,0.0
160,4021.919921875,160.16000366210938,0.9043456315994263,0.03125
161,3999.35986328125,160.16000366210938,0.9310689568519592,0.03125
162,4103.0400390625,160.0,0.9670642018318176,0.03125
163,3879.83984375,160.16000366210938,0.9070616960525513,0.03125
164,3990.079833984375,160.0,0.8978833556175232,0.0
165,4378.56005859375,160.0,0.9673451781272888,0.03125
166,4000.7998046875,160.16000366210938,0.893606424331665,0.0625
167,3628.64013671875,160.16000366210938,0.9217032790184021,0.03125
168,4043.52001953125,160.16000366210938,0.9549825191497803,0.0625
169,4676.0,160.0,0.9488323926925659,0.0
170,4346.8798828125,160.0,0.9527035355567932,0.03125
171,4454.23974609375,160.0,0.9819867610931396,0.0
172,4393.439453125,160.0,0.9151473641395569,0.0
173,4020.639892578125,160.0,0.9733391404151917,0.0
174,4565.759765625,160.0,0.9531093835830688,0.0
175,4065.60009765625,160.16000366210938,0.9480207562446594,0.03125
176,4216.6396484375,160.16000366210938,0.9776785969734192,0.03125
177,3579.679931640625,160.0,0.9145541787147522,0.0
178,3721.43994140625,160.0,0.9139922857284546,0.0
179,4083.039794921875,160.0,0.9429320693016052,0.0
180,4620.9599609375,160.0,0.9368756413459778,0.0
181,4470.56005859375,160.0,0.894386887550354,0.0
182,4226.56005859375,160.0,0.975992739200592,0.0
183,4397.759765625,160.16000366210938,0.9476460814476013,0.09375
184,4628.15966796875,160.16000366210938,0.9164273142814636,0.03125
185,4095.83984375,160.0,0.9540147185325623,0.0
186,4244.31982421875,160.16000366210938,0.9437437653541565,0.03125
187,4132.16015625,160.16000366210938,0.8891420960426331,0.0625
188,3761.760009765625,160.16000366210938,0.9147415161132812,0.03125
189,4095.52001953125,160.16000366210938,0.9781468510627747,0.09375
190,3799.360107421875,160.16000366210938,0.8952297568321228,0.03125
191,4123.83984375,160.0,0.9763361811637878,0.0
192,4127.52001953125,160.0,0.9712474942207336,0.0
193,4176.16015625,160.16000366210938,0.8973838686943054,0.03125
194,3907.35986328125,160.0,0.9654408097267151,0.0
195,3805.1201171875,160.0,0.9322552680969238,0.0
196,4883.52001953125,160.16000366210938,0.9484890103340149,0.03125
197,4324.16015625,160.0,0.9427135586738586,0.0
198,4135.68017578125,160.0,0.9294143319129944,0.0
199,3797.919921875,160.0,0.9433066844940186,0.03125
200,4268.7998046875,160.0,0.9030344486236572,0.0
201,4024.800048828125,160.0,0.9493319392204285,0.03125
202,4297.60009765625,160.16000366210938,0.9745254516601562,0.0625
203,4135.83984375,160.0,0.9656281471252441,0.0
204,4049.919921875,160.0,0.9789273142814636,0.0
205,4823.52001953125,160.16000366210938,0.8120629787445068,0.03125
206,3827.0400390625,160.0,0.9377185106277466,0.0
207,3922.56005859375,160.0,0.9605706930160522,0.0
208,3996.47998046875,160.16000366210938,0.9502996802330017,0.0625
209,3938.719970703125,160.0,0.9763985872268677,0.0
210,4120.9599609375,160.0,0.9438061714172363,0.0
211,4469.2802734375,160.16000366210938,0.9431818127632141,0.03125
212,4116.9599609375,160.16000366210938,0.9782404899597168,0.0625
213,3837.919921875,160.0,0.947895884513855,0.0
214,4285.43994140625,160.16000366210938,0.9364073276519775,0.09375
215,4480.0,160.16000366210938,0.8795892000198364,0.03125
216,4608.16015625,160.16000366210938,0.9161463379859924,0.03125
217,4608.48046875,160.16000366210938,0.9510177373886108,0.0625
218,4530.39990234375,160.0,0.9174575209617615,0.0
219,3948.9599609375,160.16000366210938,0.9364073276519775,0.0625
220,4094.39990234375,160.16000366210938,0.9706543684005737,0.03125
221,3825.759765625,160.0,0.9498001933097839,0.0
222,4268.47998046875,160.16000366210938,0.9119006395339966,0.03125
223,4101.919921875,160.16000366210938,0.8800886869430542,0.0625
224,3808.47998046875,160.16000366210938,0.9726211428642273,0.03125
225,4374.8798828125,160.0,0.9208916425704956,0.0
226,4270.7197265625,160.0,0.9468344449996948,0.03125
227,4251.52001953125,160.0,0.9780844449996948,0.03125
228,3735.0400390625,160.0,0.8636363744735718,0.0
229,4028.800048828125,160.0,0.9492694735527039,0.0
230,4233.60009765625,160.16000366210938,0.9488948583602905,0.0625
231,4149.2802734375,160.0,0.9782404899597168,0.0
232,3907.0400390625,160.0,0.9826735854148865,0.0
233,4332.0,160.0,0.9440247416496277,0.0
234,3789.43994140625,160.16000366210938,0.931225061416626,0.03125
235,3952.7998046875,160.0,0.9503621459007263,0.0
236,4893.1201171875,160.0,0.949987530708313,0.0
237,4477.1201171875,160.0,0.8614197969436646,0.0
238,3916.80029296875,160.16000366210938,0.9276660680770874,0.125
239,4070.56005859375,160.0,0.902847170829773,0.0
240,3847.360107421875,160.0,0.9280407428741455,0.0
241,4204.9599609375,160.0,0.9694055914878845,0.0
242,4462.7197265625,160.0,0.9522040486335754,0.0
243,4172.47998046875,160.16000366210938,0.9362824559211731,0.09375
244,4070.719970703125,160.0,0.9008179306983948,0.0625
245,3692.9599609375,160.0,0.9206730723381042,0.0
246,3789.76025390625,160.16000366210938,0.9769917726516724,0.09375
247,4329.1201171875,160.0,0.9661588668823242,0.0
248,4630.7197265625,160.16000366210938,0.9491758346557617,0.03125
249,4386.7197265625,160.16000366210938,0.9716533422470093,0.03125
250,3807.0400390625,160.16000366210938,0.9204857349395752,0.09375
251,3967.679931640625,160.0,0.948582649230957,0.03125
252,4080.16015625,160.0,0.9500811696052551,0.03125
253,4160.7998046875,160.16000366210938,0.9140546917915344,0.03125
254,3954.8798828125,160.0,0.9220467209815979,0.0
255,4398.39990234375,160.0,0.9532654881477356,0.0
256,4431.83984375,160.16000366210938,0.962037980556488,0.03125
257,4689.1201171875,160.0,0.9270417094230652,0.03125
258,4144.7998046875,160.16000366210938,0.9504245519638062,0.03125
259,4359.19970703125,160.0,0.9512362480163574,0.0
260,4245.1201171875,160.16000366210938,0.9452422857284546,0.0625
261,4778.56005859375,160.16000366210938,0.918737530708313,0.03125
262,3720.47998046875,160.16000366210938,0.9137113094329834,0.0625
263,3609.1201171875,160.0,0.9415896534919739,0.0
264,3915.2001953125,160.0,0.9232954382896423,0.0
265,4276.15966796875,160.0,0.9173014163970947,0.0
266,3704.320068359375,160.16000366210938,0.9271353483200073,0.09375
267,4084.0,160.16000366210938,0.9467719793319702,0.0625
268,4340.64013671875,160.0,0.9420891404151917,0.03125
269,4537.1201171875,160.0,0.9742133021354675,0.0
270,4068.0,160.0,0.9204545617103577,0.0
271,3883.83984375,160.0,0.978178083896637,0.0
272,4274.5595703125,160.16000366210938,0.9264797568321228,0.03125
273,4360.6396484375,160.0,0.8372564911842346,0.03125
274,4030.39990234375,160.0,0.9296640753746033,0.0
275,4112.0,160.0,0.9344093203544617,0.0
276,3847.19970703125,160.0,0.9253871440887451,0.0
277,3761.919921875,160.0,0.9161151647567749,0.0
278,4265.919921875,160.0,0.8971028923988342,0.03125
279,3819.52001953125,160.16000366210938,0.9643169641494751,0.03125
280,4275.0400390625,160.16000366210938,0.9755244851112366,0.03125
281,4228.47998046875,160.0,0.8647290468215942,0.03125
282,4520.9599609375,160.0,0.900318443775177,0.0
283,4276.9599609375,160.16000366210938,0.895167350769043,0.03125
284,3862.079833984375,160.16000366210938,0.9231393337249756,0.03125
285,4160.0,160.0,0.9813936352729797,0.03125
286,4047.840087890625,160.0,0.948582649230957,0.0
287,4027.03955078125,160.16000366210938,0.9022852182388306,0.09375
288,3953.920166015625,160.16000366210938,0.9130557179450989,0.03125
289,4776.0,160.16000366210938,0.9669080972671509,0.09375
290,3353.1201171875,160.0,0.9596965312957764,0.03125
291,3990.559814453125,160.0,0.9433691501617432,0.0
292,4073.919677734375,160.0,0.9472402334213257,0.0
293,4077.760009765625,160.16000366210938,0.975992739200592,0.0625
294,4475.83984375,160.0,0.9646915793418884,0.0
295,4456.0,160.16000366210938,0.953046977519989,0.03125
296,4096.64013671875,160.16000366210938,0.9697489738464355,0.03125
297,4714.23974609375,160.0,0.8535839319229126,0.0
298,3898.240234375,160.0,0.9728708863258362,0.0
299,4470.56005859375,160.0,0.9059690237045288,0.0
300,4420.3203125,160.0,0.9268543720245361,0.0
301,3825.1201171875,160.16000366210938,0.9210476875305176,0.03125
302,4410.39990234375,160.0,0.9758991003036499,0.0
303,4237.43994140625,160.0,0.9622564911842346,0.0
304,4561.27978515625,160.16000366210938,0.9785839319229126,0.09375
305,3826.400146484375,160.16000366210938,0.9449613094329834,0.03125
306,3457.759765625,160.0,0.9838598966598511,0.0
307,3864.16015625,160.0,0.9483016729354858,0.0
308,4243.3603515625,160.16000366210938,0.9249812364578247,0.03125
309,4082.239990234375,160.0,0.8932942152023315,0.0
310,4373.1201171875,160.16000366210938,0.9770230054855347,0.03125
311,4332.47998046875,160.16000366210938,0.9510489702224731,0.09375
312,3636.47998046875,160.16000366210938,0.944399356842041,0.0625
313,4232.48046875,160.16000366210938,0.9468344449996948,0.03125
314,4062.080078125,160.16000366210938,0.9420579671859741,0.03125
315,4325.1201171875,160.16000366210938,0.9450861811637878,0.03125
316,3933.43994140625,160.0,0.9608516693115234,0.0
317,4402.240234375,160.0,0.9169580340385437,0.0
318,4527.2001953125,160.0,0.9768669009208679,0.0
319,4208.47998046875,160.16000366210938,0.9015983939170837,0.0625
320,4100.9599609375,160.0,0.9391233921051025,0.0
321,4465.759765625,160.16000366210938,0.8914835453033447,0.03125
322,4801.759765625,160.0,0.9077485203742981,0.0
323,4591.52001953125,160.16000366210938,0.9557629823684692,0.03125
324,4057.43994140625,160.0,0.9310064911842346,0.0
325,3728.31982421875,160.0,0.9313187003135681,0.0
326,3604.47998046875,160.16000366210938,0.9495816826820374,0.03125
327,4708.9599609375,160.16000366210938,0.9394355416297913,0.03125
328,3635.840087890625,160.0,0.9792707562446594,0.0
329,4257.4404296875,160.0,0.9730893969535828,0.0
330,4290.39990234375,160.16000366210938,0.8919517993927002,0.09375
331,3518.56005859375,160.0,0.8974775075912476,0.0
332,4324.47998046875,160.0,0.9733391404151917,0.0
333,3660.47998046875,160.16000366210938,0.9517357349395752,0.03125
334,4163.68017578125,160.0,0.923701286315918,0.0
335,4141.1201171875,160.16000366210938,0.929476797580719,0.09375
336,4423.0400390625,160.16000366210938,0.973901093006134,0.09375
337,4306.080078125,160.0,0.9442744851112366,0.0
338,4119.35986328125,160.0,0.9642544984817505,0.0
339,4415.52001953125,160.0,0.9562000632286072,0.0625
340,4232.7998046875,160.16000366210938,0.8877372741699219,0.03125
341,4044.31982421875,160.0,0.9745566844940186,0.0
342,3932.7998046875,160.16000366210938,0.9425886869430542,0.0625
343,4326.56005859375,160.16000366210938,0.9278534054756165,0.03125
344,4209.919921875,160.16000366210938,0.9422140121459961,0.03125
345,4456.7998046875,160.0,0.950767993927002,0.0
346,4147.52001953125,160.0,0.9390296936035156,0.0
347,4237.60009765625,160.0,0.9043144583702087,0.0
348,4573.919921875,160.16000366210938,0.9675949215888977,0.03125
349,4021.60009765625,160.0,0.9389048218727112,0.0
350,4505.919921875,160.16000366210938,0.971809446811676,0.03125
351,3865.43994140625,160.16000366210938,0.9166146516799927,0.03125
352,3952.47998046875,160.0,0.969093382358551,0.0
353,4069.280029296875,160.16000366210938,0.941339910030365,0.03125
354,3958.080078125,160.0,0.9249188303947449,0.0
355,4109.60009765625,160.16000366210938,0.978708803653717,0.0625
356,4970.400390625,160.16000366210938,0.9566683173179626,0.0625
357,4049.1201171875,160.16000366210938,0.9715909361839294,0.03125
358,4460.64013671875,160.0,0.8837100267410278,0.0
359,3785.60009765625,160.16000366210938,0.9745566844940186,0.03125
360,3623.2001953125,160.0,0.9670953750610352,0.0
361,3902.56005859375,160.0,0.8744380474090576,0.03125
362,4080.800048828125,160.16000366210938,0.9356580972671509,0.03125
363,4117.2802734375,160.0,0.9784278273582458,0.03125
364,3866.56005859375,160.0,0.9774912595748901,0.0
365,3885.43994140625,160.16000366210938,0.8464035987854004,0.0625
366,3689.280029296875,160.16000366210938,0.982361376285553,0.03125
367,4039.0400390625,160.0,0.891327440738678,0.0
368,4490.8798828125,160.16000366210938,0.9022539854049683,0.0625
369,4204.47998046875,160.0,0.929039716720581,0.0
370,4077.27978515625,160.16000366210938,0.9527035355567932,0.0625
371,4035.679931640625,160.16000366210938,0.9437749981880188,0.03125
372,4459.83984375,160.16000366210938,0.9354395866394043,0.03125
373,4100.3203125,160.16000366210938,0.9481456279754639,0.09375
374,4018.080078125,160.16000366210938,0.9517669677734375,0.03125
375,4180.7998046875,160.0,0.9796453714370728,0.0
376,4116.3203125,160.0,0.9344717860221863,0.0
377,4322.7197265625,160.16000366210938,0.9713723659515381,0.03125
378,4483.6796875,160.16000366210938,0.9013798832893372,0.09375
379,4235.2001953125,160.0,0.9734328389167786,0.0
380,4569.4404296875,160.0,0.9290709495544434,0.03125
381,4166.7197265625,160.0,0.9641920328140259,0.0
382,4440.16015625,160.0,0.9427447319030762,0.0
383,4588.7998046875,160.16000366210938,0.9673451781272888,0.03125
384,4352.7998046875,160.16000366210938,0.9712162613868713,0.0625
385,4035.35986328125,160.0,0.9158965945243835,0.0
386,4488.7998046875,160.16000366210938,0.9807068109512329,0.03125
387,4352.16015625,160.0,0.9184253215789795,0.0
388,4292.64013671875,160.0,0.9520479440689087,0.0
389,4279.0400390625,160.0,0.9755557179450989,0.0
390,4240.9599609375,160.16000366210938,0.9383741021156311,0.03125
391,4040.9599609375,160.16000366210938,0.963942289352417,0.09375
392,4199.52001953125,160.0,0.9686563611030579,0.0
393,3969.43994140625,160.0,0.9301011562347412,0.0
394,4051.199951171875,160.16000366210938,0.9495816826820374,0.03125
395,3882.8798828125,160.16000366210938,0.9391857981681824,0.03125
396,4542.7197265625,160.0,0.9686563611030579,0.03125
397,4312.64013671875,160.16000366210938,0.9787712097167969,0.03125
398,3542.719970703125,160.0,0.9044705629348755,0.0
399,4319.0400390625,160.0,0.8898913860321045,0.0
400,3798.56005859375,160.16000366210938,0.9683129191398621,0.0625
401,4207.3603515625,160.0,0.9456480741500854,0.0
402,3645.43994140625,160.0,0.8978209495544434,0.03125
403,4129.43994140625,160.0,0.9325986504554749,0.0
404,4032.47998046875,160.16000366210938,0.8987262845039368,0.03125
405,4051.52001953125,160.16000366210938,0.8917644619941711,0.03125
406,3918.240234375,160.0,0.9449300765991211,0.0
407,4347.0400390625,160.16000366210938,0.9428384304046631,0.03125
408,4103.2001953125,160.0,0.8654158115386963,0.0
409,4181.919921875,160.0,0.8643856048583984,0.0
410,3759.199951171875,160.0,0.9527660012245178,0.0
411,3618.56005859375,160.16000366210938,0.9712474942207336,0.03125
412,4652.31982421875,160.0,0.9265109896659851,0.0
413,4585.1201171875,160.0,0.9755868911743164,0.0
414,4320.80029296875,160.0,0.9562937021255493,0.0
415,3891.68017578125,160.0,0.9155219793319702,0.0
416,3562.23974609375,160.0,0.9534528255462646,0.0
417,4618.8798828125,160.0,0.9641608595848083,0.0
418,4317.759765625,160.0,0.9613199234008789,0.0
419,4260.0,160.0,0.8965409398078918,0.0
420,4061.119873046875,160.0,0.9337537288665771,0.0
421,4133.919921875,160.0,0.9401223659515381,0.0
422,3956.64013671875,160.0,0.9749001264572144,0.0
423,4256.47998046875,160.16000366210938,0.9745254516601562,0.03125
424,3788.16015625,160.0,0.9763361811637878,0.03125
425,3874.56005859375,160.16000366210938,0.9702796936035156,0.0625
426,4181.1201171875,160.0,0.9483953714370728,0.0
427,3944.47998046875,160.16000366210938,0.9709977507591248,0.03125
428,4192.0,160.0,0.9693119525909424,0.0
429,4648.3203125,160.16000366210938,0.9763985872268677,0.03125
430,4266.080078125,160.0,0.978521466255188,0.03125
431,4239.35986328125,160.16000366210938,0.888611376285553,0.03125
432,3969.599853515625,160.0,0.9059065580368042,0.0
433,4097.27978515625,160.0,0.9565122127532959,0.0
434,3856.0,160.16000366210938,0.976086437702179,0.09375
435,3705.919921875,160.16000366210938,0.9084041118621826,0.0625
436,4888.31982421875,160.0,0.9145854115486145,0.0
437,4052.639892578125,160.0,0.9451485872268677,0.0
438,4333.27978515625,160.0,0.9192682504653931,0.0
439,4123.83984375,160.0,0.9734328389167786,0.03125
440,3794.240234375,160.16000366210938,0.9479270577430725,0.03125
441,4323.19970703125,160.0,0.9386863112449646,0.0
442,4023.679931640625,160.16000366210938,0.9776785969734192,0.03125
443,4106.39990234375,160.0,0.9002559781074524,0.0
444,4378.240234375,160.0,0.9176448583602905,0.03125
445,3938.56005859375,160.16000366210938,0.9783029556274414,0.03125
446,4689.759765625,160.16000366210938,0.8998501300811768,0.0625
447,4393.919921875,160.16000366210938,0.9758991003036499,0.0625
448,4257.27978515625,160.0,0.9413711428642273,0.0
449,4075.35986328125,160.16000366210938,0.9544517993927002,0.09375
450,3816.64013671875,160.0,0.9390296936035156,0.0
451,4369.599609375,160.16000366210938,0.8497751951217651,0.03125
452,4277.60009765625,160.0,0.9814248085021973,0.0
453,4001.280029296875,160.16000366210938,0.9239198565483093,0.0625
454,4916.7998046875,160.16000366210938,0.9424013495445251,0.03125
455,3973.760009765625,160.16000366210938,0.9678446650505066,0.03125
456,3825.599853515625,160.16000366210938,0.9448988437652588,0.03125
457,4830.8798828125,160.0,0.9763985872268677,0.0
458,3419.360107421875,160.0,0.8480582237243652,0.03125
459,3462.719970703125,160.16000366210938,0.9738074541091919,0.03125
460,4085.119873046875,160.0,0.9176760911941528,0.0625
461,4049.280029296875,160.16000366210938,0.9757742285728455,0.03125
462,4008.47998046875,160.0,0.973370373249054,0.0
463,3617.60009765625,160.0,0.9715284705162048,0.03125
464,3995.199951171875,160.16000366210938,0.9501124024391174,0.03125
465,4390.080078125,160.16000366210938,0.9312562346458435,0.125
466,4344.0,160.0,0.9621003866195679,0.0
467,4054.56005859375,160.16000366210938,0.9281343817710876,0.03125
468,3993.1201171875,160.0,0.9727460145950317,0.0
469,3563.360107421875,160.0,0.9376561045646667,0.0
470,3890.239990234375,160.16000366210938,0.9435564279556274,0.03125
471,4060.47998046875,160.0,0.9397165179252625,0.0
472,4032.800048828125,160.0,0.9133366346359253,0.0
473,4651.52001953125,160.0,0.9625687003135681,0.03125
474,4366.56005859375,160.0,0.8761863112449646,0.0
475,4260.0,160.16000366210938,0.9501124024391174,0.03125
476,3320.47998046875,160.0,0.9749312996864319,0.0
477,4289.1201171875,160.0,0.9621003866195679,0.03125
478,3922.880126953125,160.16000366210938,0.9387487769126892,0.03125
479,4065.760009765625,160.0,0.9184253215789795,0.0
480,4524.3203125,160.16000366210938,0.9566683173179626,0.0625
481,4020.639892578125,160.16000366210938,0.8878621459007263,0.03125
482,4188.7998046875,160.0,0.9620067477226257,0.0
483,4690.39990234375,160.16000366210938,0.9725275039672852,0.0625
484,4284.7998046875,160.0,0.9591034054756165,0.0
485,4667.83984375,160.0,0.9146790504455566,0.0
486,4202.8798828125,160.16000366210938,0.9809877872467041,0.0625
487,4187.2001953125,160.16000366210938,0.9251061677932739,0.03125
488,3703.199951171875,160.0,0.9807068109512329,0.0
489,4138.400390625,160.0,0.9394667744636536,0.0
490,3664.47998046875,160.0,0.9235451817512512,0.0
491,3974.559814453125,160.16000366210938,0.970841646194458,0.0625
492,3844.639892578125,160.16000366210938,0.9565434455871582,0.03125
493,4086.8798828125,160.0,0.939591646194458,0.0
494,4154.72021484375,160.0,0.9474899768829346,0.0
495,3522.39990234375,160.0,0.9718718528747559,0.0
496,3932.16015625,160.0,0.9634428024291992,0.0
497,4625.4404296875,160.0,0.9617570042610168,0.0
498,3497.919921875,160.16000366210938,0.9448052048683167,0.03125
499,4076.80029296875,160.0,0.9433691501617432,0.0
500,3619.35986328125,160.16000366210938,0.9070616960525513,0.03125
501,4506.080078125,160.16000366210938,0.9127435088157654,0.0625
502,4686.8798828125,160.0,0.9521104097366333,0.0
503,4317.759765625,160.0,0.8675699234008789,0.0
504,3565.119873046875,160.0,0.9013798832893372,0.0
505,4097.43994140625,160.0,0.8949176073074341,0.0
506,4560.0,160.0,0.9719967842102051,0.0
507,3741.43994140625,160.16000366210938,0.9675012230873108,0.03125
508,4169.43994140625,160.0,0.9778658747673035,0.0
509,4224.16015625,160.16000366210938,0.9418393969535828,0.03125
510,4355.35986328125,160.0,0.8652597665786743,0.0
511,4043.83984375,160.16000366210938,0.9456169009208679,0.0625
512,4121.60009765625,160.16000366210938,0.9539210796356201,0.0625
513,4309.76025390625,160.16000366210938,0.9683129191398621,0.0625
514,3617.76025390625,160.0,0.9664086103439331,0.0
515,4220.47998046875,160.0,0.9706231355667114,0.0
516,4085.27978515625,160.0,0.9262300133705139,0.0
517,4301.919921875,160.16000366210938,0.9312562346458435,0.0625
518,3942.39990234375,160.16000366210938,0.940559446811676,0.0625
519,4175.35986328125,160.0,0.8822739720344543,0.0
520,4453.43994140625,160.16000366210938,0.9493943452835083,0.03125
521,4287.6796875,160.16000366210938,0.9762424826622009,0.0625
522,3915.360107421875,160.16000366210938,0.9233266711235046,0.03125
523,3919.2001953125,160.0,0.9566059112548828,0.0
524,4531.0400390625,160.0,0.9691558480262756,0.03125
525,4038.23974609375,160.16000366210938,0.976773202419281,0.0625
526,3849.920166015625,160.0,0.9028784036636353,0.0625
527,4244.6396484375,160.16000366210938,0.8834915161132812,0.09375
528,4359.83984375,160.0,0.9472090601921082,0.0
529,3926.239990234375,160.16000366210938,0.9730581641197205,0.03125
530,4229.1201171875,160.16000366210938,0.9520167112350464,0.03125
531,3910.079833984375,160.16000366210938,0.9729021191596985,0.03125
532,4022.239990234375,160.0,0.9416208863258362,0.0
533,4252.16015625,160.16000366210938,0.944399356842041,0.03125
534,3976.800048828125,160.0,0.9382180571556091,0.0
535,4361.43994140625,160.16000366210938,0.9730581641197205,0.03125
536,4171.0400390625,160.16000366210938,0.948051929473877,0.0625
537,3986.080078125,160.0,0.9244193434715271,0.0
538,4366.39990234375,160.16000366210938,0.9355332255363464,0.03125
539,3671.68017578125,160.16000366210938,0.9450549483299255,0.0625
540,4499.2001953125,160.0,0.903377890586853,0.03125
541,4184.47998046875,160.0,0.9513923525810242,0.0
542,4101.919921875,160.16000366210938,0.9815496802330017,0.03125
543,4441.1201171875,160.16000366210938,0.9389985203742981,0.0625
544,4028.0,160.0,0.9249812960624695,0.0
545,4118.080078125,160.16000366210938,0.9189560413360596,0.03125
546,4119.2001953125,160.0,0.9231393337249756,0.03125
547,4188.16015625,160.0,0.9678134322166443,0.0
548,3894.56005859375,160.16000366210938,0.9825174808502197,0.03125
549,4384.16015625,160.16000366210938,0.9769605398178101,0.03125
550,4196.6396484375,160.16000366210938,0.8984453082084656,0.03125
551,4150.240234375,160.16000366210938,0.9110264778137207,0.03125
552,4214.240234375,160.16000366210938,0.872471272945404,0.0625
553,3749.43994140625,160.0,0.9145230054855347,0.0
554,4052.159912109375,160.0,0.8640109896659851,0.0
555,4078.39990234375,160.0,0.9796141386032104,0.0
556,4132.47998046875,160.16000366210938,0.9816121459007263,0.03125
557,3993.760009765625,160.16000366210938,0.9538586139678955,0.03125
558,3893.280029296875,160.0,0.9254183173179626,0.03125
559,4041.60009765625,160.16000366210938,0.9428696632385254,0.03125
560,3902.719970703125,160.0,0.9655032753944397,0.0
561,3971.52001953125,160.0,0.9238573908805847,0.0
562,4285.43994140625,160.0,0.987949550151825,0.0
563,3999.2001953125,160.0,0.9176760911941528,0.0
564,3720.960205078125,160.0,0.9579170942306519,0.0
565,4272.47998046875,160.16000366210938,0.9243881106376648,0.0625
566,4304.9599609375,160.0,0.9471153616905212,0.03125
567,4385.919921875,160.0,0.9283841252326965,0.0
568,4656.0,160.0,0.944836437702179,0.0
569,4329.60009765625,160.16000366210938,0.9441183805465698,0.0625
570,4518.240234375,160.0,0.9496440887451172,0.0
571,4215.2001953125,160.0,0.9736201167106628,0.03125
572,4454.39990234375,160.0,0.9680319428443909,0.0
573,4185.60009765625,160.16000366210938,0.9681880474090576,0.09375
574,4386.39990234375,160.0,0.9614760279655457,0.0
575,4298.080078125,160.16000366210938,0.9435564279556274,0.03125
576,4040.0,160.16000366210938,0.9062812328338623,0.03125
577,4023.840087890625,160.0,0.9295392036437988,0.0
578,3891.039794921875,160.0,0.9470841884613037,0.0
579,4620.7998046875,160.16000366210938,0.8606393337249756,0.03125
580,4672.6396484375,160.0,0.9790521860122681,0.0
581,4092.639892578125,160.16000366210938,0.9364385604858398,0.03125
582,4847.35986328125,160.0,0.9495192170143127,0.0
583,4063.84033203125,160.0,0.9505182504653931,0.0
584,4134.240234375,160.0,0.9182692170143127,0.0
585,4253.43994140625,160.0,0.9743694067001343,0.0
586,3896.0,160.16000366210938,0.9097777009010315,0.09375
587,3571.35986328125,160.0,0.910870373249054,0.0
588,3823.0400390625,160.16000366210938,0.9579483270645142,0.03125
589,4310.080078125,160.0,0.9698114395141602,0.0
590,3501.599853515625,160.16000366210938,0.9850462079048157,0.03125
591,4215.6796875,160.0,0.8771541118621826,0.03125
592,3849.760009765625,160.0,0.9351898431777954,0.0
593,3664.639892578125,160.0,0.9676573276519775,0.0
594,4269.60009765625,160.16000366210938,0.9222339987754822,0.0625
595,4202.5595703125,160.0,0.9508616328239441,0.0
596,4260.64013671875,160.16000366210938,0.9750561714172363,0.03125
597,4120.9599609375,160.16000366210938,0.9665958881378174,0.03125
598,4197.599609375,160.0,0.8971965312957764,0.0
599,3754.72021484375,160.0,0.9214847683906555,0.0
600,4295.83984375,160.16000366210938,0.9832979440689087,0.0625
601,4275.83984375,160.0,0.9178946018218994,0.0
602,4086.39990234375,160.0,0.9567620158195496,0.0
603,4286.8798828125,160.0,0.9830794334411621,0.0
604,4850.56005859375,160.0,0.975992739200592,0.0
605,4571.0400390625,160.0,0.901286244392395,0.0
606,4016.159912109375,160.0,0.962631106376648,0.0
607,3624.800048828125,160.0,0.944212019443512,0.0
608,3972.0,160.0,0.9502060413360596,0.0
609,4140.9599609375,160.0,0.9382492303848267,0.0
610,3782.079833984375,160.16000366210938,0.9742133021354675,0.03125
611,4187.6796875,160.0,0.9519543051719666,0.0
612,4270.5595703125,160.0,0.927728533744812,0.0
613,4010.39990234375,160.0,0.9527347683906555,0.0
614,3756.9599609375,160.16000366210938,0.9394667744636536,0.03125
615,3844.47998046875,160.0,0.9143356680870056,0.0
616,4259.19970703125,160.0,0.9402472376823425,0.0
617,3777.43994140625,160.16000366210938,0.9709977507591248,0.03125
618,4268.0,160.16000366210938,0.9188311696052551,0.03125
619,4002.56005859375,160.16000366210938,0.9543581604957581,0.03125
620,4136.0,160.0,0.958978533744812,0.03125
621,3574.56005859375,160.0,0.9203920960426331,0.0
622,4023.199951171875,160.16000366210938,0.9419018626213074,0.03125
623,4105.1201171875,160.16000366210938,0.926323652267456,0.03125
624,4253.43994140625,160.16000366210938,0.95285964012146,0.0625
625,4325.1201171875,160.16000366210938,0.9736513495445251,0.03125
626,4003.2001953125,160.0,0.9011301398277283,0.0
627,4030.719970703125,160.0,0.9114323258399963,0.0
628,4497.60009765625,160.0,0.9783341884613037,0.0
629,4042.56005859375,160.16000366210938,0.9562937021255493,0.03125
630,4231.0400390625,160.0,0.9654408097267151,0.03125
631,4224.0,160.16000366210938,0.9532967209815979,0.03125
632,4477.60009765625,160.16000366210938,0.9479582905769348,0.03125
633,4336.64013671875,160.0,0.9572615027427673,0.0
634,4333.599609375,160.16000366210938,0.9360639452934265,0.03125
635,4062.239990234375,160.16000366210938,0.9685314893722534,0.0625
636,3776.31982421875,160.16000366210938,0.8625437021255493,0.0625
637,3980.320068359375,160.0,0.9371253848075867,0.0
638,3676.9599609375,160.16000366210938,0.9366258978843689,0.0625
639,4001.60009765625,160.16000366210938,0.9458354115486145,0.0625
640,3688.9599609375,160.0,0.9013174176216125,0.0
641,4331.51953125,160.0,0.9230769276618958,0.0
642,4189.4404296875,160.16000366210938,0.9292269945144653,0.03125
643,3912.9599609375,160.0,0.9588536620140076,0.0
644,4017.119873046875,160.0,0.9042832255363464,0.03125
645,4116.9599609375,160.0,0.9711226224899292,0.0
646,4032.639892578125,160.0,0.8749687671661377,0.03125
647,4317.60009765625,160.0,0.9354707598686218,0.0
648,4318.240234375,160.0,0.9794268012046814,0.0
649,3732.480224609375,160.0,0.9521415829658508,0.0
650,3708.0,160.0,0.9526098966598511,0.0
651,3777.43994140625,160.0,0.9825799465179443,0.0
652,4240.31982421875,160.16000366210938,0.9543269276618958,0.03125
653,4134.39990234375,160.16000366210938,0.9633491635322571,0.03125
654,4136.9599609375,160.16000366210938,0.8940746784210205,0.0625
655,4160.16015625,160.0,0.9510177373886108,0.0
656,4723.0400390625,160.16000366210938,0.9389360547065735,0.09375
657,3991.83984375,160.0,0.9569492936134338,0.0
658,3938.8798828125,160.0,0.9623189568519592,0.03125
659,4408.31982421875,160.16000366210938,0.9128059148788452,0.0625
660,4456.9599609375,160.16000366210938,0.9086850881576538,0.03125
661,4642.240234375,160.0,0.945960283279419,0.0
662,3848.9599609375,160.16000366210938,0.9186126589775085,0.09375
663,3793.760009765625,160.16000366210938,0.9764610528945923,0.03125
664,3749.759765625,160.16000366210938,0.9207979440689087,0.03125
665,4174.8798828125,160.16000366210938,0.9852023124694824,0.03125
666,4388.16015625,160.0,0.9449613094329834,0.0
667,4446.5595703125,160.16000366210938,0.958198070526123,0.0625
668,3992.320068359375,160.16000366210938,0.9217657446861267,0.03125
669,4512.16015625,160.16000366210938,0.917769730091095,0.0625
670,3965.2802734375,160.0,0.9438998699188232,0.0
671,3909.280029296875,160.0,0.9419330954551697,0.0
672,4142.240234375,160.16000366210938,0.9152722358703613,0.0625
673,3842.56005859375,160.16000366210938,0.9438686370849609,0.03125
674,4222.39990234375,160.0,0.8603584170341492,0.03125
675,4368.0,160.16000366210938,0.8695367574691772,0.03125
676,4157.43994140625,160.0,0.9238573908805847,0.0
677,3548.47998046875,160.0,0.9463348984718323,0.0
678,4375.6796875,160.0,0.9483953714370728,0.0
679,4317.60009765625,160.0,0.9224213361740112,0.0
680,4660.16015625,160.0,0.965877890586853,0.0
681,3802.080078125,160.16000366210938,0.9276036620140076,0.03125
682,3972.0,160.0,0.8519917726516724,0.0
683,4282.39990234375,160.16000366210938,0.8999438285827637,0.0625
684,3788.320068359375,160.16000366210938,0.9184253215789795,0.03125
685,4541.4404296875,160.16000366210938,0.9540459513664246,0.03125
686,4263.2001953125,160.0,0.8978521823883057,0.0
687,3652.159912109375,160.16000366210938,0.9783965945243835,0.0625
688,4381.43994140625,160.16000366210938,0.8829295635223389,0.03125
689,4510.8798828125,160.16000366210938,0.9585102200508118,0.0625
690,4269.2802734375,160.0,0.9669705629348755,0.0
691,4402.56005859375,160.0,0.9774600267410278,0.0
692,3641.76025390625,160.16000366210938,0.9498314261436462,0.03125
693,3986.559814453125,160.16000366210938,0.9544517993927002,0.03125
694,3912.9599609375,160.0,0.9422764778137207,0.0
695,4203.52001953125,160.16000366210938,0.9722152948379517,0.03125
696,3804.15966796875,160.16000366210938,0.9406843185424805,0.03125
697,4689.76025390625,160.16000366210938,0.9824862480163574,0.03125
698,4114.56005859375,160.16000366210938,0.9440871477127075,0.03125
699,4025.43994140625,160.0,0.913492739200592,0.0
700,4520.0,160.0,0.9239198565483093,0.0
701,4737.759765625,160.0,0.8721591234207153,0.0
702,3935.35986328125,160.0,0.9214223623275757,0.0
703,3948.159912109375,160.0,0.9439622759819031,0.03125
704,4545.43994140625,160.16000366210938,0.9352210164070129,0.0625
705,4586.23974609375,160.16000366210938,0.8589847683906555,0.0625
706,4013.759765625,160.16000366210938,0.9458978176116943,0.03125
707,4186.7197265625,160.16000366210938,0.911057710647583,0.0625
708,4162.7197265625,160.16000366210938,0.944212019443512,0.03125
709,4581.1201171875,160.16000366210938,0.9866383671760559,0.0625
710,3953.919921875,160.0,0.9660964012145996,0.0
711,3933.760009765625,160.16000366210938,0.9374375343322754,0.03125
712,4380.0,160.0,0.9371253848075867,0.0
713,3755.52001953125,160.0,0.9388736486434937,0.0
714,4385.759765625,160.16000366210938,0.9532654881477356,0.0625
715,4289.43994140625,160.16000366210938,0.9622564911842346,0.03125
716,4237.2802734375,160.16000366210938,0.9783653616905212,0.03125
717,4562.23974609375,160.0,0.9166770577430725,0.0
718,3767.83984375,160.0,0.9353146553039551,0.03125
719,4172.0,160.0,0.8894543051719666,0.0
720,4622.88037109375,160.16000366210938,0.8970716595649719,0.0625
721,4580.16015625,160.0,0.9161463379859924,0.0
722,4137.43994140625,160.0,0.832230269908905,0.0
723,3796.9599609375,160.0,0.9586350917816162,0.0625
724,4594.240234375,160.0,0.8617944717407227,0.0
725,4699.51953125,160.0,0.906874418258667,0.0
726,3643.0400390625,160.16000366210938,0.972152829170227,0.03125
727,3885.280029296875,160.16000366210938,0.8528971076011658,0.03125
728,4138.56005859375,160.16000366210938,0.8624812960624695,0.15625
729,3507.52001953125,160.16000366210938,0.918113112449646,0.03125
730,4074.239990234375,160.0,0.9847652316093445,0.0
731,3789.760009765625,160.0,0.9458978772163391,0.0
732,4635.5205078125,160.0,0.9251998066902161,0.0
733,4189.599609375,160.0,0.9741508364677429,0.0
734,3747.199951171875,160.16000366210938,0.9594780206680298,0.03125
735,4097.1201171875,160.16000366210938,0.9544205665588379,0.03125
736,4172.0,160.16000366210938,0.9738698601722717,0.0625
737,4150.080078125,160.16000366210938,0.9685938954353333,0.03125
738,4364.64013671875,160.0,0.9725275039672852,0.0
739,4301.43994140625,160.0,0.9270417094230652,0.0
740,3880.47998046875,160.16000366210938,0.9578233957290649,0.03125
741,4307.3603515625,160.0,0.968937337398529,0.0
742,3662.240234375,160.0,0.9087163209915161,0.0
743,3680.7998046875,160.16000366210938,0.916208803653717,0.0625
744,4448.64013671875,160.0,0.9495192170143127,0.0
745,4385.599609375,160.0,0.9291333556175232,0.0
746,4385.2802734375,160.0,0.9478021860122681,0.0
747,4532.47998046875,160.16000366210938,0.907030463218689,0.09375
748,4267.6796875,160.0,0.9179883003234863,0.0
749,3711.2001953125,160.16000366210938,0.943618893623352,0.03125
750,4437.2802734375,160.0,0.8991633653640747,0.0
751,4488.6396484375,160.0,0.8895167112350464,0.0
752,4326.8798828125,160.0,0.908778727054596,0.0
753,4325.60009765625,160.16000366210938,0.9505182504653931,0.0625
754,3709.43994140625,160.0,0.9419642686843872,0.0
755,3701.1201171875,160.0,0.9476460814476013,0.0
756,3808.800048828125,160.16000366210938,0.9293519258499146,0.03125
757,4020.7998046875,160.16000366210938,0.9494255781173706,0.03125
758,4392.4794921875,160.16000366210938,0.914710283279419,0.03125
759,3785.280029296875,160.0,0.9529532790184021,0.0
760,4528.0,160.16000366210938,0.9702796936035156,0.03125
761,3598.8798828125,160.16000366210938,0.9509865045547485,0.09375
762,3808.0,160.16000366210938,0.9756805896759033,0.03125
763,4360.16015625,160.0,0.9713411331176758,0.0
764,3656.800048828125,160.0,0.9513923525810242,0.0
765,4157.759765625,160.16000366210938,0.852741003036499,0.03125
766,4138.39990234375,160.16000366210938,0.9634115695953369,0.03125
767,3943.0400390625,160.16000366210938,0.9694368243217468,0.03125
768,4146.7197265625,160.0,0.9189248085021973,0.0
769,4531.6796875,160.16000366210938,0.9681568145751953,0.0625
770,3879.840087890625,160.16000366210938,0.9728708863258362,0.0625
771,4261.43994140625,160.16000366210938,0.953827440738678,0.0625
772,4252.9599609375,160.16000366210938,0.9675949215888977,0.0625
773,4396.0,160.16000366210938,0.8904532790184021,0.03125
774,4077.919921875,160.0,0.9287899732589722,0.0
775,4319.6796875,160.0,0.9339098334312439,0.0
776,3993.759765625,160.0,0.9739323258399963,0.0
777,4210.7197265625,160.0,0.8329483270645142,0.03125
778,4139.68017578125,160.16000366210938,0.9495192170143127,0.09375
779,3593.280029296875,160.16000366210938,0.9829857349395752,0.03125
780,4191.35986328125,160.16000366210938,0.9633491635322571,0.03125
781,4576.16015625,160.0,0.9601648449897766,0.03125
782,3954.719970703125,160.0,0.9363760948181152,0.0
783,4355.52001953125,160.0,0.9438686370849609,0.0
784,4177.759765625,160.0,0.9694055914878845,0.0
785,3128.31982421875,160.0,0.935751736164093,0.0
786,4070.719970703125,160.16000366210938,0.9364385604858398,0.0625
787,4399.6796875,160.16000366210938,0.8881431221961975,0.03125
788,4371.35986328125,160.16000366210938,0.9463661313056946,0.09375
789,4203.2001953125,160.16000366210938,0.9798951148986816,0.03125
790,4319.19970703125,160.16000366210938,0.9825174808502197,0.03125
791,4333.1201171875,160.0,0.9745254516601562,0.0
792,4772.3203125,160.0,0.8757492303848267,0.0625
793,4461.919921875,160.0,0.9128683805465698,0.03125
794,4440.6396484375,160.0,0.9299138188362122,0.03125
795,3560.47998046875,160.16000366210938,0.9773351550102234,0.09375
796,3952.639892578125,160.16000366210938,0.9630369544029236,0.0625
797,4102.23974609375,160.0,0.944212019443512,0.0
798,3814.23974609375,160.0,0.9534839987754822,0.0
799,3981.919921875,160.0,0.9742757081985474,0.0
800,4412.16015625,160.16000366210938,0.9525162577629089,0.0625
801,4229.919921875,160.16000366210938,0.8095654249191284,0.0625
802,4182.72021484375,160.16000366210938,0.9475836753845215,0.03125
803,4482.72021484375,160.0,0.9569492936134338,0.0
804,3760.0,160.16000366210938,0.968937337398529,0.0625
805,4470.8798828125,160.0,0.9392794966697693,0.0
806,3824.47998046875,160.16000366210938,0.9527971744537354,0.03125
807,4145.4404296875,160.16000366210938,0.9488323926925659,0.0625
808,4199.3603515625,160.0,0.9670642018318176,0.0
809,3706.719970703125,160.0,0.9456480741500854,0.0
810,3750.8798828125,160.16000366210938,0.9342532157897949,0.03125
811,4619.35986328125,160.0,0.8517732620239258,0.0
812,4337.43994140625,160.0,0.9507367610931396,0.0
813,4038.239990234375,160.16000366210938,0.9451485872268677,0.03125
814,4493.2802734375,160.0,0.9139610528945923,0.0
815,4255.52001953125,160.16000366210938,0.977210283279419,0.03125
816,3853.920166015625,160.16000366210938,0.9547640085220337,0.03125
817,4080.47998046875,160.16000366210938,0.9526411294937134,0.0625
818,4097.2802734375,160.0,0.9470841884613037,0.0
819,4076.159912109375,160.16000366210938,0.9111201167106628,0.0625
820,4017.76025390625,160.16000366210938,0.9292894601821899,0.03125
821,4679.2001953125,160.0,0.8585164546966553,0.03125
822,4134.39990234375,160.0,0.9446803331375122,0.0
823,3817.760009765625,160.16000366210938,0.9384989738464355,0.0625
824,4074.8798828125,160.16000366210938,0.9441496133804321,0.03125
825,3911.0400390625,160.0,0.9391546249389648,0.0
826,4244.16015625,160.16000366210938,0.9595092535018921,0.03125
827,3898.239990234375,160.0,0.9532967209815979,0.0
828,4150.080078125,160.0,0.8257055282592773,0.0
829,3826.72021484375,160.0,0.9255431890487671,0.0
830,4155.83984375,160.16000366210938,0.9733391404151917,0.03125
831,4699.83984375,160.0,0.918893575668335,0.03125
832,4356.47998046875,160.0,0.9360951781272888,0.03125
833,4213.599609375,160.0,0.9244817495346069,0.0
834,3646.080078125,160.16000366210938,0.9349400401115417,0.03125
835,4478.56005859375,160.0,0.9712474942207336,0.0
836,3836.9599609375,160.16000366210938,0.9422764778137207,0.0625
837,3958.400146484375,160.0,0.943431556224823,0.0
838,4321.759765625,160.0,0.96875,0.0
839,3638.400146484375,160.16000366210938,0.9566059112548828,0.03125
840,3935.0400390625,160.16000366210938,0.9779907464981079,0.03125
841,4424.9599609375,160.0,0.9138361811637878,0.0
842,4379.3603515625,160.16000366210938,0.9345654249191284,0.0625
843,4260.16015625,160.16000366210938,0.986388623714447,0.03125
844,3936.9599609375,160.16000366210938,0.9612262845039368,0.0625
845,4246.240234375,160.16000366210938,0.9463037252426147,0.0625
846,4096.3203125,160.0,0.9245442152023315,0.0
847,4181.1201171875,160.16000366210938,0.8869255781173706,0.03125
848,4844.3203125,160.0,0.8919830322265625,0.0
849,4573.919921875,160.16000366210938,0.9416521191596985,0.03125
850,4223.19970703125,160.0,0.9099338054656982,0.03125
851,4217.60009765625,160.0,0.9572615027427673,0.0
852,4348.9599609375,160.16000366210938,0.9810189604759216,0.09375
853,4481.759765625,160.16000366210938,0.9476460814476013,0.03125
854,3852.9599609375,160.0,0.9644418358802795,0.0
855,3978.080078125,160.0,0.9350025057792664,0.0
856,4127.6796875,160.0,0.9591346383094788,0.0
857,4346.7197265625,160.0,0.9787400364875793,0.0
858,4309.43994140625,160.0,0.9804258346557617,0.0
859,3602.240234375,160.0,0.9276036620140076,0.0
860,3539.840087890625,160.16000366210938,0.9762424826622009,0.03125
861,3975.360107421875,160.0,0.9198926091194153,0.0
862,3733.919921875,160.0,0.9428696632385254,0.0
863,4347.3603515625,160.16000366210938,0.924669086933136,0.03125
864,4352.47998046875,160.0,0.9331918358802795,0.0
865,4472.3203125,160.0,0.8950424790382385,0.0
866,3878.719970703125,160.16000366210938,0.9501124024391174,0.03125
867,4540.0,160.16000366210938,0.9487075209617615,0.09375
868,4171.52001953125,160.0,0.9719030857086182,0.0
869,3848.9599609375,160.16000366210938,0.9085602164268494,0.0625
870,4358.400390625,160.16000366210938,0.9637550115585327,0.0625
871,4506.8798828125,160.0,0.9627872109413147,0.0
872,4205.43994140625,160.16000366210938,0.9496440887451172,0.03125
873,4447.2001953125,160.0,0.9207979440689087,0.0
874,4097.60009765625,160.0,0.9717158079147339,0.0
875,3670.719970703125,160.0,0.9809253215789795,0.0
876,3641.1201171875,160.16000366210938,0.9486138820648193,0.0625
877,4432.31982421875,160.16000366210938,0.9527347683906555,0.0625
878,4162.7197265625,160.16000366210938,0.8623875975608826,0.125
879,3817.920166015625,160.0,0.968406617641449,0.0
880,4061.759765625,160.16000366210938,0.9484577775001526,0.03125
881,4329.43994140625,160.0,0.9404658079147339,0.0
882,3916.0,160.16000366210938,0.9691870808601379,0.03125
883,3711.35986328125,160.0,0.9356268644332886,0.0
884,3928.320068359375,160.0,0.9820492267608643,0.0
885,3938.239990234375,160.0,0.972777247428894,0.0
886,4012.64013671875,160.16000366210938,0.9163649082183838,0.0625
887,4506.7197265625,160.0,0.9474900364875793,0.0
888,3819.679931640625,160.0,0.9526723623275757,0.03125
889,4128.31982421875,160.0,0.920048713684082,0.0
890,4698.8798828125,160.16000366210938,0.891670823097229,0.03125
891,4332.16015625,160.0,0.9402472376823425,0.0
892,4107.6796875,160.0,0.9721840620040894,0.03125
893,4115.83984375,160.16000366210938,0.9746503233909607,0.03125
894,4035.52001953125,160.16000366210938,0.9564810395240784,0.0625
895,4282.39990234375,160.16000366210938,0.9397789835929871,0.03125
896,4116.64013671875,160.0,0.911401093006134,0.03125
897,4073.27978515625,160.0,0.9384365677833557,0.03125
898,4248.0,160.16000366210938,0.9446178674697876,0.0625
899,4410.080078125,160.16000366210938,0.976086437702179,0.03125
900,4688.16015625,160.0,0.916645884513855,0.0
901,3485.119873046875,160.16000366210938,0.958791196346283,0.03125
902,4239.35986328125,160.0,0.9550761580467224,0.0625
903,4559.19970703125,160.0,0.9394980072975159,0.0
904,4502.7197265625,160.16000366210938,0.8995691537857056,0.03125
905,4508.0,160.0,0.9621940851211548,0.0
906,4453.759765625,160.16000366210938,0.9681880474090576,0.03125
907,4227.0400390625,160.0,0.973557710647583,0.0
908,3782.39990234375,160.16000366210938,0.8999125957489014,0.03125
909,3638.719970703125,160.0,0.9311625957489014,0.0
910,4405.27978515625,160.16000366210938,0.9410277009010315,0.03125
911,4268.9599609375,160.0,0.9662837386131287,0.0
912,4114.39990234375,160.16000366210938,0.89857017993927,0.03125
913,3651.199951171875,160.0,0.9674075841903687,0.0
914,4491.35986328125,160.0,0.8829920291900635,0.0
915,3819.83984375,160.0,0.9825799465179443,0.0
916,4200.16015625,160.0,0.9822677373886108,0.0
917,4091.83984375,160.0,0.9605394601821899,0.0
918,4070.39990234375,160.0,0.978521466255188,0.03125
919,4201.919921875,160.0,0.9369692802429199,0.0
920,4195.52001953125,160.0,0.9516109228134155,0.0
921,3385.60009765625,160.16000366210938,0.9290709495544434,0.03125
922,3871.199951171875,160.0,0.9828296899795532,0.0
923,4357.919921875,160.0,0.9363136887550354,0.0
924,3872.800048828125,160.0,0.9477397799491882,0.0
925,4067.199951171875,160.0,0.9334415793418884,0.0
926,3915.52001953125,160.0,0.9792082905769348,0.03125
927,4354.8798828125,160.0,0.936188817024231,0.03125
928,4028.0,160.16000366210938,0.9510177373886108,0.03125
929,4203.6796875,160.16000366210938,0.969093382358551,0.03125
930,4049.919921875,160.0,0.9798638820648193,0.0
931,4395.0400390625,160.0,0.9641920328140259,0.0
932,4425.919921875,160.16000366210938,0.9009115695953369,0.03125
933,3621.43994140625,160.0,0.9673139452934265,0.0
934,3352.9599609375,160.0,0.9139610528945923,0.03125
935,4289.599609375,160.0,0.9680944085121155,0.0
936,3987.679931640625,160.16000366210938,0.9417769908905029,0.03125
937,4058.8798828125,160.16000366210938,0.9750561714172363,0.03125
938,4403.3603515625,160.0,0.9509552717208862,0.0
939,3965.60009765625,160.0,0.948239266872406,0.0
940,3959.83984375,160.16000366210938,0.944742739200592,0.03125
941,4101.43994140625,160.0,0.9214223623275757,0.0
942,4100.47998046875,160.0,0.9432130455970764,0.0
943,4034.56005859375,160.16000366210938,0.9167082905769348,0.03125
944,4315.6796875,160.16000366210938,0.8957293033599854,0.03125
945,4239.35986328125,160.16000366210938,0.9474275708198547,0.03125
946,4389.43994140625,160.0,0.8600149750709534,0.0
947,4232.9599609375,160.0,0.9567619562149048,0.0
948,3979.0400390625,160.0,0.929476797580719,0.0
949,4163.2001953125,160.16000366210938,0.9387175440788269,0.125
950,4842.5595703125,160.0,0.9193306565284729,0.0
951,3491.52001953125,160.0,0.9657530188560486,0.0
952,4345.2802734375,160.0,0.9744005799293518,0.0
953,3897.1201171875,160.0,0.9292582273483276,0.0
954,4345.759765625,160.0,0.9853271842002869,0.0
955,4332.9599609375,160.0,0.9675636887550354,0.0
956,4514.080078125,160.16000366210938,0.8956043720245361,0.0625
957,4256.9599609375,160.0,0.9441183805465698,0.0
958,4252.3203125,160.0,0.9390296936035156,0.03125
959,4487.83984375,160.16000366210938,0.9640359878540039,0.0625
960,4533.60009765625,160.0,0.949363112449646,0.03125
961,3750.559814453125,160.16000366210938,0.9552322626113892,0.03125
962,3858.23974609375,160.0,0.9674700498580933,0.0
963,4322.080078125,160.0,0.9545454382896423,0.0
964,4373.1201171875,160.0,0.9307567477226257,0.03125
965,3801.43994140625,160.0,0.8942931890487671,0.0
966,4116.47998046875,160.16000366210938,0.9408716559410095,0.03125
967,4355.0400390625,160.16000366210938,0.8894230723381042,0.0625
968,3845.43994140625,160.16000366210938,0.9414647817611694,0.03125
969,4432.9599609375,160.0,0.89089035987854,0.0625
970,3938.719970703125,160.16000366210938,0.9742757081985474,0.0625
971,4429.919921875,160.0,0.9513611197471619,0.0
972,4582.240234375,160.16000366210938,0.954951286315918,0.03125
973,4026.239990234375,160.0,0.9389672875404358,0.0
974,3852.7998046875,160.0,0.8918893337249756,0.0
975,4380.7998046875,160.16000366210938,0.9733079671859741,0.03125
976,3876.31982421875,160.0,0.9510802030563354,0.0
977,4215.83984375,160.0,0.9081543684005737,0.0
978,4014.239990234375,160.16000366210938,0.9490821361541748,0.03125
979,3563.35986328125,160.0,0.9227023124694824,0.03125
980,4094.719970703125,160.0,0.925792932510376,0.0
981,4537.759765625,160.0,0.8866133689880371,0.0625
982,3770.719970703125,160.0,0.9502372741699219,0.0
983,4477.27978515625,160.0,0.9709353446960449,0.0
984,4244.0,160.16000366210938,0.9661900401115417,0.09375
985,4572.4794921875,160.16000366210938,0.9738074541091919,0.03125
986,4229.759765625,160.0,0.9186438322067261,0.0
987,4009.43994140625,160.16000366210938,0.9421828389167786,0.03125
988,4386.39990234375,160.0,0.9719655513763428,0.0
989,4364.31982421875,160.0,0.9834540486335754,0.0
990,3617.43994140625,160.16000366210938,0.9484577775001526,0.03125
991,4150.39990234375,160.16000366210938,0.9273539185523987,0.03125
992,3995.2001953125,160.16000366210938,0.9599462747573853,0.03125
993,4047.35986328125,160.16000366210938,0.9750874042510986,0.03125
994,4043.35986328125,160.16000366210938,0.9151785969734192,0.0625
995,3990.8798828125,160.0,0.921172559261322,0.0
996,4536.3203125,160.0,0.9062187671661377,0.0
997,4097.919921875,160.0,0.9242944717407227,0.0
998,4315.52001953125,160.0,0.895073652267456,0.03125
999,3741.760009765625,160.16000366210938,0.9794268012046814,0.03125
